20230915T14:35:58.072Z,PERMISSION/ROLE,pool-admin,pool-operator,vm-power-admin,vm-admin,vm-operator,read-only,
,task.destroy/any,X,X,,,,,
,http/get_pool_update_download,X,X,X,X,X,X,
,http/post_jsonrpc_options,X,X,X,X,X,X,
,http/post_jsonrpc,X,X,X,X,X,X,
,http/post_json_options,X,X,X,X,X,X,
,http/post_root_options,X,X,X,X,X,X,
,http/post_json,X,X,X,X,X,X,
,http/post_root,X,X,X,X,X,X,
,http/get_audit_log,X,X,X,X,X,X,
,http/get_wlb_diagnostics,X,X,X,X,X,X,
,http/get_wlb_report,X,X,X,X,X,X,
,http/connect_remotecmd,X,,,,,,
,http/put_messages,X,X,X,,,,
,http/get_message_rss_feed,X,,,,,,
,http/put_blob,X,X,X,,,,
,http/get_blob,X,X,X,X,X,X,
,http/rrd,X,,,,,,
,http/rrd_updates,X,X,X,X,X,X,
,http/sr_rrd,X,X,X,X,X,X,
,http/host_rrd,X,X,X,X,X,X,
,http/vm_rrd,X,X,X,X,X,X,
,http/get_system_status,X,X,,,,,
,http/put_vm_connect,X,,,,,,
,http/get_vm_connect,X,,,,,,
,http/get_config_sync,X,,,,,,
,http/put_pool_xml_db_sync,X,,,,,,
,http/get_pool_xml_db_sync,X,,,,,,
,http/get_vncsnapshot/host_console,X,,,,,,
,http/get_vncsnapshot,X,X,X,X,X,,
,http/put_oem_patch_stream,X,X,,,,,
,http/get_pool_patch_download,X,X,,,,,
,http/put_pool_patch_upload,X,X,,,,,
,http/get_host_logs_download,X,X,,,,,
,http/put_host_restore,X,,,,,,
,http/get_host_backup,X,,,,,,
,http/post_cli,X,X,X,X,X,X,
,http/get_root,X,X,X,X,X,X,
,http/connect_console_ws/host_console_ws,X,,,,,,
,http/connect_console_ws,X,X,X,X,X,,
,http/connect_console/host_console,X,,,,,,
,http/connect_console,X,X,X,X,X,,
,http/get_export_raw_vdi,X,X,X,X,,,
,http/get_export_metadata,X,X,X,X,,,
,http/get_export,X,X,X,X,,,
,http/put_import_raw_vdi,X,X,X,X,,,
,http/put_import_metadata,X,X,X,X,,,
,http/put_import,X,X,X,X,,,
,http/put_services_sm,X,X,X,,,,
,http/post_services_sm,X,X,X,,,,
,http/get_services_sm,X,X,X,,,,
,http/put_services_xenops,X,X,X,,,,
,http/post_services_xenops,X,X,X,,,,
,http/get_services_xenops,X,X,X,,,,
,http/connect_migrate,X,X,X,,,,
,http/post_remote_db_access_v2,X,,,,,,
,http/post_remote_db_access,X,,,,,,
,http/put_services,X,,,,,,
,http/post_services,X,,,,,,
,http/get_services,X,X,X,X,X,X,
,Diagnostics.network_stats,X,X,,,,,
,Diagnostics.db_stats,X,X,,,,,
,Diagnostics.gc_stats,X,X,,,,,
,Diagnostics.gc_compact,X,X,,,,,
,Certificate.get_all_records,X,X,X,X,X,X,
,Certificate.get_all_records_where,X,X,X,X,X,X,
,Certificate.get_all,X,X,X,X,X,X,
,Certificate.get_fingerprint,X,X,X,X,X,X,
,Certificate.get_not_after,X,X,X,X,X,X,
,Certificate.get_not_before,X,X,X,X,X,X,
,Certificate.get_host,X,X,X,X,X,X,
,Certificate.get_uuid,X,X,X,X,X,X,
,Certificate.get_by_uuid,X,X,X,X,X,X,
,Certificate.get_record,X,X,X,X,X,X,
,Cluster_host.get_all_records,X,X,X,X,X,X,
,Cluster_host.get_all_records_where,X,X,X,X,X,X,
,Cluster_host.get_all,X,X,X,X,X,X,
,Cluster_host.disable,X,X,,,,,
,Cluster_host.forget,,,,,,,
,Cluster_host.force_destroy,X,X,,,,,
,Cluster_host.enable,X,X,,,,,
,Cluster_host.destroy,X,X,,,,,
,Cluster_host.create,X,X,,,,,
,Cluster_host.get_other_config,X,X,X,X,X,X,
,Cluster_host.get_current_operations,X,X,X,X,X,X,
,Cluster_host.get_allowed_operations,X,X,X,X,X,X,
,Cluster_host.get_joined,X,X,X,X,X,X,
,Cluster_host.get_PIF,X,X,X,X,X,X,
,Cluster_host.get_enabled,X,X,X,X,X,X,
,Cluster_host.get_host,X,X,X,X,X,X,
,Cluster_host.get_cluster,X,X,X,X,X,X,
,Cluster_host.get_uuid,X,X,X,X,X,X,
,Cluster_host.get_by_uuid,X,X,X,X,X,X,
,Cluster_host.get_record,X,X,X,X,X,X,
,Cluster.get_all_records,X,X,X,X,X,X,
,Cluster.get_all_records_where,X,X,X,X,X,X,
,Cluster.get_all,X,X,X,X,X,X,
,Cluster.pool_resync,X,X,,,,,
,Cluster.pool_destroy,X,X,,,,,
,Cluster.pool_force_destroy,X,X,,,,,
,Cluster.pool_create,X,X,,,,,
,Cluster.get_network,X,X,X,X,X,X,
,Cluster.destroy,X,X,,,,,
,Cluster.create,X,X,,,,,
,Cluster.remove_from_other_config,X,X,,,,,
,Cluster.add_to_other_config,X,X,,,,,
,Cluster.set_other_config,X,X,,,,,
,Cluster.get_other_config,X,X,X,X,X,X,
,Cluster.get_cluster_config,X,X,X,X,X,X,
,Cluster.get_token_timeout_coefficient,X,X,X,X,X,X,
,Cluster.get_token_timeout,X,X,X,X,X,X,
,Cluster.get_pool_auto_join,X,X,X,X,X,X,
,Cluster.get_current_operations,X,X,X,X,X,X,
,Cluster.get_allowed_operations,X,X,X,X,X,X,
,Cluster.get_cluster_stack,X,X,X,X,X,X,
,Cluster.get_cluster_token,X,X,X,X,X,X,
,Cluster.get_pending_forget,X,X,X,X,X,X,
,Cluster.get_cluster_hosts,X,X,X,X,X,X,
,Cluster.get_uuid,X,X,X,X,X,X,
,Cluster.get_by_uuid,X,X,X,X,X,X,
,Cluster.get_record,X,X,X,X,X,X,
,VUSB.get_all_records,X,X,X,X,X,X,
,VUSB.get_all_records_where,X,X,X,X,X,X,
,VUSB.get_all,X,X,X,X,X,X,
,VUSB.destroy,X,,,,,,
,VUSB.unplug,X,,,,,,
,VUSB.create,X,,,,,,
,VUSB.remove_from_other_config,X,,,,,,
,VUSB.add_to_other_config,X,,,,,,
,VUSB.set_other_config,X,,,,,,
,VUSB.get_currently_attached,X,X,X,X,X,X,
,VUSB.get_other_config,X,X,X,X,X,X,
,VUSB.get_USB_group,X,X,X,X,X,X,
,VUSB.get_VM,X,X,X,X,X,X,
,VUSB.get_current_operations,X,X,X,X,X,X,
,VUSB.get_allowed_operations,X,X,X,X,X,X,
,VUSB.get_uuid,X,X,X,X,X,X,
,VUSB.get_by_uuid,X,X,X,X,X,X,
,VUSB.get_record,X,X,X,X,X,X,
,USB_group.get_all_records,X,X,X,X,X,X,
,USB_group.get_all_records_where,X,X,X,X,X,X,
,USB_group.get_all,X,X,X,X,X,X,
,USB_group.destroy,X,,,,,,
,USB_group.create,X,,,,,,
,USB_group.remove_from_other_config,X,,,,,,
,USB_group.add_to_other_config,X,,,,,,
,USB_group.set_other_config,X,,,,,,
,USB_group.set_name_description,X,,,,,,
,USB_group.set_name_label,X,,,,,,
,USB_group.get_other_config,X,X,X,X,X,X,
,USB_group.get_VUSBs,X,X,X,X,X,X,
,USB_group.get_PUSBs,X,X,X,X,X,X,
,USB_group.get_name_description,X,X,X,X,X,X,
,USB_group.get_name_label,X,X,X,X,X,X,
,USB_group.get_uuid,X,X,X,X,X,X,
,USB_group.get_by_name_label,X,X,X,X,X,X,
,USB_group.get_by_uuid,X,X,X,X,X,X,
,USB_group.get_record,X,X,X,X,X,X,
,PUSB.get_all_records,X,X,X,X,X,X,
,PUSB.get_all_records_where,X,X,X,X,X,X,
,PUSB.get_all,X,X,X,X,X,X,
,PUSB.set_passthrough_enabled,X,,,,,,
,PUSB.scan,X,,,,,,
,PUSB.remove_from_other_config,X,,,,,,
,PUSB.add_to_other_config,X,,,,,,
,PUSB.set_other_config,X,,,,,,
,PUSB.get_speed,X,X,X,X,X,X,
,PUSB.get_other_config,X,X,X,X,X,X,
,PUSB.get_passthrough_enabled,X,X,X,X,X,X,
,PUSB.get_description,X,X,X,X,X,X,
,PUSB.get_version,X,X,X,X,X,X,
,PUSB.get_serial,X,X,X,X,X,X,
,PUSB.get_product_desc,X,X,X,X,X,X,
,PUSB.get_product_id,X,X,X,X,X,X,
,PUSB.get_vendor_desc,X,X,X,X,X,X,
,PUSB.get_vendor_id,X,X,X,X,X,X,
,PUSB.get_path,X,X,X,X,X,X,
,PUSB.get_host,X,X,X,X,X,X,
,PUSB.get_USB_group,X,X,X,X,X,X,
,PUSB.get_uuid,X,X,X,X,X,X,
,PUSB.get_by_uuid,X,X,X,X,X,X,
,PUSB.get_record,X,X,X,X,X,X,
,SDN_controller.get_all_records,X,X,X,X,X,X,
,SDN_controller.get_all_records_where,X,X,X,X,X,X,
,SDN_controller.get_all,X,X,X,X,X,X,
,SDN_controller.forget,X,X,,,,,
,SDN_controller.introduce,X,X,,,,,
,SDN_controller.get_port,X,X,X,X,X,X,
,SDN_controller.get_address,X,X,X,X,X,X,
,SDN_controller.get_protocol,X,X,X,X,X,X,
,SDN_controller.get_uuid,X,X,X,X,X,X,
,SDN_controller.get_by_uuid,X,X,X,X,X,X,
,SDN_controller.get_record,X,X,X,X,X,X,
,Feature.get_all_records,X,X,X,X,X,X,
,Feature.get_all_records_where,X,X,X,X,X,X,
,Feature.get_all,X,X,X,X,X,X,
,Feature.get_host,X,X,X,X,X,X,
,Feature.get_version,X,X,X,X,X,X,
,Feature.get_experimental,X,X,X,X,X,X,
,Feature.get_enabled,X,X,X,X,X,X,
,Feature.get_name_description,X,X,X,X,X,X,
,Feature.get_name_label,X,X,X,X,X,X,
,Feature.get_uuid,X,X,X,X,X,X,
,Feature.get_by_name_label,X,X,X,X,X,X,
,Feature.get_by_uuid,X,X,X,X,X,X,
,Feature.get_record,X,X,X,X,X,X,
,PVS_cache_storage.get_all_records,X,X,X,X,X,X,
,PVS_cache_storage.get_all_records_where,X,X,X,X,X,X,
,PVS_cache_storage.get_all,X,X,X,X,X,X,
,PVS_cache_storage.get_VDI,X,X,X,X,X,X,
,PVS_cache_storage.get_size,X,X,X,X,X,X,
,PVS_cache_storage.get_site,X,X,X,X,X,X,
,PVS_cache_storage.get_SR,X,X,X,X,X,X,
,PVS_cache_storage.get_host,X,X,X,X,X,X,
,PVS_cache_storage.get_uuid,X,X,X,X,X,X,
,PVS_cache_storage.destroy,X,X,,,,,
,PVS_cache_storage.create,X,X,,,,,
,PVS_cache_storage.get_by_uuid,X,X,X,X,X,X,
,PVS_cache_storage.get_record,X,X,X,X,X,X,
,PVS_proxy.get_all_records,X,X,X,X,X,X,
,PVS_proxy.get_all_records_where,X,X,X,X,X,X,
,PVS_proxy.get_all,X,X,X,X,X,X,
,PVS_proxy.destroy,X,X,,,,,
,PVS_proxy.create,X,X,,,,,
,PVS_proxy.get_status,X,X,X,X,X,X,
,PVS_proxy.get_currently_attached,X,X,X,X,X,X,
,PVS_proxy.get_VIF,X,X,X,X,X,X,
,PVS_proxy.get_site,X,X,X,X,X,X,
,PVS_proxy.get_uuid,X,X,X,X,X,X,
,PVS_proxy.get_by_uuid,X,X,X,X,X,X,
,PVS_proxy.get_record,X,X,X,X,X,X,
,PVS_server.get_all_records,X,X,X,X,X,X,
,PVS_server.get_all_records_where,X,X,X,X,X,X,
,PVS_server.get_all,X,X,X,X,X,X,
,PVS_server.forget,X,X,,,,,
,PVS_server.introduce,X,X,,,,,
,PVS_server.get_site,X,X,X,X,X,X,
,PVS_server.get_last_port,X,X,X,X,X,X,
,PVS_server.get_first_port,X,X,X,X,X,X,
,PVS_server.get_addresses,X,X,X,X,X,X,
,PVS_server.get_uuid,X,X,X,X,X,X,
,PVS_server.get_by_uuid,X,X,X,X,X,X,
,PVS_server.get_record,X,X,X,X,X,X,
,PVS_site.get_all_records,X,X,X,X,X,X,
,PVS_site.get_all_records_where,X,X,X,X,X,X,
,PVS_site.get_all,X,X,X,X,X,X,
,PVS_site.set_PVS_uuid,X,X,,,,,
,PVS_site.forget,X,X,,,,,
,PVS_site.introduce,X,X,,,,,
,PVS_site.set_name_description,X,X,,,,,
,PVS_site.set_name_label,X,X,,,,,
,PVS_site.get_proxies,X,X,X,X,X,X,
,PVS_site.get_servers,X,X,X,X,X,X,
,PVS_site.get_cache_storage,X,X,X,X,X,X,
,PVS_site.get_PVS_uuid,X,X,X,X,X,X,
,PVS_site.get_name_description,X,X,X,X,X,X,
,PVS_site.get_name_label,X,X,X,X,X,X,
,PVS_site.get_uuid,X,X,X,X,X,X,
,PVS_site.get_by_name_label,X,X,X,X,X,X,
,PVS_site.get_by_uuid,X,X,X,X,X,X,
,PVS_site.get_record,X,X,X,X,X,X,
,VGPU_type.get_all_records,X,X,X,X,X,X,
,VGPU_type.get_all_records_where,X,X,X,X,X,X,
,VGPU_type.get_all,X,X,X,X,X,X,
,VGPU_type.get_compatible_types_in_vm,X,X,X,X,X,X,
,VGPU_type.get_experimental,X,X,X,X,X,X,
,VGPU_type.get_identifier,X,X,X,X,X,X,
,VGPU_type.get_implementation,X,X,X,X,X,X,
,VGPU_type.get_enabled_on_GPU_groups,X,X,X,X,X,X,
,VGPU_type.get_supported_on_GPU_groups,X,X,X,X,X,X,
,VGPU_type.get_VGPUs,X,X,X,X,X,X,
,VGPU_type.get_enabled_on_PGPUs,X,X,X,X,X,X,
,VGPU_type.get_supported_on_PGPUs,X,X,X,X,X,X,
,VGPU_type.get_max_resolution_y,X,X,X,X,X,X,
,VGPU_type.get_max_resolution_x,X,X,X,X,X,X,
,VGPU_type.get_max_heads,X,X,X,X,X,X,
,VGPU_type.get_framebuffer_size,X,X,X,X,X,X,
,VGPU_type.get_model_name,X,X,X,X,X,X,
,VGPU_type.get_vendor_name,X,X,X,X,X,X,
,VGPU_type.get_uuid,X,X,X,X,X,X,
,VGPU_type.get_by_uuid,X,X,X,X,X,X,
,VGPU_type.get_record,X,X,X,X,X,X,
,VGPU.get_all_records,X,X,X,X,X,X,
,VGPU.get_all_records_where,X,X,X,X,X,X,
,VGPU.get_all,X,X,X,X,X,X,
,VGPU.atomic_set_resident_on,,,,,,,
,VGPU.destroy,X,X,,,,,
,VGPU.create,X,X,,,,,
,VGPU.set_extra_args,X,X,,,,,
,VGPU.remove_from_other_config,X,X,,,,,
,VGPU.add_to_other_config,X,X,,,,,
,VGPU.set_other_config,X,X,,,,,
,VGPU.get_PCI,X,X,X,X,X,X,
,VGPU.get_extra_args,X,X,X,X,X,X,
,VGPU.get_compatibility_metadata,X,X,X,X,X,X,
,VGPU.get_scheduled_to_be_resident_on,X,X,X,X,X,X,
,VGPU.get_resident_on,X,X,X,X,X,X,
,VGPU.get_type,X,X,X,X,X,X,
,VGPU.get_other_config,X,X,X,X,X,X,
,VGPU.get_currently_attached,X,X,X,X,X,X,
,VGPU.get_device,X,X,X,X,X,X,
,VGPU.get_GPU_group,X,X,X,X,X,X,
,VGPU.get_VM,X,X,X,X,X,X,
,VGPU.get_uuid,X,X,X,X,X,X,
,VGPU.get_by_uuid,X,X,X,X,X,X,
,VGPU.get_record,X,X,X,X,X,X,
,GPU_group.get_all_records,X,X,X,X,X,X,
,GPU_group.get_all_records_where,X,X,X,X,X,X,
,GPU_group.get_all,X,X,X,X,X,X,
,GPU_group.get_remaining_capacity,X,X,X,X,X,X,
,GPU_group.update_supported_VGPU_types,X,X,,,,,
,GPU_group.update_enabled_VGPU_types,X,X,,,,,
,GPU_group.destroy,X,X,,,,,
,GPU_group.create,X,X,,,,,
,GPU_group.set_allocation_algorithm,X,X,,,,,
,GPU_group.remove_from_other_config,X,X,,,,,
,GPU_group.add_to_other_config,X,X,,,,,
,GPU_group.set_other_config,X,X,,,,,
,GPU_group.set_name_description,X,X,,,,,
,GPU_group.set_name_label,X,X,,,,,
,GPU_group.get_enabled_VGPU_types,X,X,X,X,X,X,
,GPU_group.get_supported_VGPU_types,X,X,X,X,X,X,
,GPU_group.get_allocation_algorithm,X,X,X,X,X,X,
,GPU_group.get_other_config,X,X,X,X,X,X,
,GPU_group.get_GPU_types,X,X,X,X,X,X,
,GPU_group.get_VGPUs,X,X,X,X,X,X,
,GPU_group.get_PGPUs,X,X,X,X,X,X,
,GPU_group.get_name_description,X,X,X,X,X,X,
,GPU_group.get_name_label,X,X,X,X,X,X,
,GPU_group.get_uuid,X,X,X,X,X,X,
,GPU_group.get_by_name_label,X,X,X,X,X,X,
,GPU_group.get_by_uuid,X,X,X,X,X,X,
,GPU_group.get_record,X,X,X,X,X,X,
,PGPU.get_all_records,X,X,X,X,X,X,
,PGPU.get_all_records_where,X,X,X,X,X,X,
,PGPU.get_all,X,X,X,X,X,X,
,PGPU.disable_dom0_access,X,X,,,,,
,PGPU.enable_dom0_access,X,X,,,,,
,PGPU.get_remaining_capacity,X,X,X,X,X,X,
,PGPU.set_GPU_group,X,X,,,,,
,PGPU.set_enabled_VGPU_types,X,X,,,,,
,PGPU.remove_enabled_VGPU_types,X,X,,,,,
,PGPU.add_enabled_VGPU_types,X,X,,,,,
,PGPU.remove_from_other_config,X,X,,,,,
,PGPU.add_to_other_config,X,X,,,,,
,PGPU.set_other_config,X,X,,,,,
,PGPU.get_compatibility_metadata,X,X,X,X,X,X,
,PGPU.get_is_system_display_device,X,X,X,X,X,X,
,PGPU.get_dom0_access,X,X,X,X,X,X,
,PGPU.get_supported_VGPU_max_capacities,X,X,X,X,X,X,
,PGPU.get_resident_VGPUs,X,X,X,X,X,X,
,PGPU.get_enabled_VGPU_types,X,X,X,X,X,X,
,PGPU.get_supported_VGPU_types,X,X,X,X,X,X,
,PGPU.get_other_config,X,X,X,X,X,X,
,PGPU.get_host,X,X,X,X,X,X,
,PGPU.get_GPU_group,X,X,X,X,X,X,
,PGPU.get_PCI,X,X,X,X,X,X,
,PGPU.get_uuid,X,X,X,X,X,X,
,PGPU.get_by_uuid,X,X,X,X,X,X,
,PGPU.get_record,X,X,X,X,X,X,
,PCI.get_all_records,X,X,X,X,X,X,
,PCI.get_all_records_where,X,X,X,X,X,X,
,PCI.get_all,X,X,X,X,X,X,
,PCI.remove_from_other_config,X,X,,,,,
,PCI.add_to_other_config,X,X,,,,,
,PCI.set_other_config,X,X,,,,,
,PCI.get_driver_name,X,X,X,X,X,X,
,PCI.get_subsystem_device_name,X,X,X,X,X,X,
,PCI.get_subsystem_vendor_name,X,X,X,X,X,X,
,PCI.get_other_config,X,X,X,X,X,X,
,PCI.get_dependencies,X,X,X,X,X,X,
,PCI.get_pci_id,X,X,X,X,X,X,
,PCI.get_host,X,X,X,X,X,X,
,PCI.get_device_name,X,X,X,X,X,X,
,PCI.get_vendor_name,X,X,X,X,X,X,
,PCI.get_class_name,X,X,X,X,X,X,
,PCI.get_uuid,X,X,X,X,X,X,
,PCI.get_by_uuid,X,X,X,X,X,X,
,PCI.get_record,X,X,X,X,X,X,
,network_sriov.get_all_records,X,X,X,X,X,X,
,network_sriov.get_all_records_where,X,X,X,X,X,X,
,network_sriov.get_all,X,X,X,X,X,X,
,network_sriov.get_remaining_capacity,X,X,X,X,X,X,
,network_sriov.destroy,X,X,,,,,
,network_sriov.create,X,X,,,,,
,network_sriov.get_configuration_mode,X,X,X,X,X,X,
,network_sriov.get_requires_reboot,X,X,X,X,X,X,
,network_sriov.get_logical_PIF,X,X,X,X,X,X,
,network_sriov.get_physical_PIF,X,X,X,X,X,X,
,network_sriov.get_uuid,X,X,X,X,X,X,
,network_sriov.get_by_uuid,X,X,X,X,X,X,
,network_sriov.get_record,X,X,X,X,X,X,
,tunnel.get_all_records,X,X,X,X,X,X,
,tunnel.get_all_records_where,X,X,X,X,X,X,
,tunnel.get_all,X,X,X,X,X,X,
,tunnel.destroy,X,X,,,,,
,tunnel.create,X,X,,,,,
,tunnel.set_protocol,X,X,,,,,
,tunnel.remove_from_other_config,X,X,,,,,
,tunnel.add_to_other_config,X,X,,,,,
,tunnel.set_other_config,X,X,,,,,
,tunnel.remove_from_status,X,X,,,,,
,tunnel.add_to_status,X,X,,,,,
,tunnel.set_status,X,X,,,,,
,tunnel.get_protocol,X,X,X,X,X,X,
,tunnel.get_other_config,X,X,X,X,X,X,
,tunnel.get_status,X,X,X,X,X,X,
,tunnel.get_transport_PIF,X,X,X,X,X,X,
,tunnel.get_access_PIF,X,X,X,X,X,X,
,tunnel.get_uuid,X,X,X,X,X,X,
,tunnel.get_by_uuid,X,X,X,X,X,X,
,tunnel.get_record,X,X,X,X,X,X,
,secret.get_all_records,X,X,,,,,
,secret.get_all_records_where,X,X,,,,,
,secret.get_all,X,X,,,,,
,secret.introduce,X,X,,,,,
,secret.remove_from_other_config,X,X,,,,,
,secret.add_to_other_config,X,X,,,,,
,secret.set_other_config,X,X,,,,,
,secret.set_value,X,X,,,,,
,secret.get_other_config,X,X,X,X,X,X,
,secret.get_value,X,X,,,,,
,secret.get_uuid,X,X,,,,,
,secret.destroy,X,X,,,,,
,secret.create,X,X,,,,,
,secret.get_by_uuid,X,X,,,,,
,secret.get_record,X,X,,,,,
,message.get_all_records_where,X,X,X,X,X,X,
,message.get_all_records,X,X,X,X,X,X,
,message.get_by_uuid,X,X,X,X,X,X,
,message.get_record,X,X,X,X,X,X,
,message.get_since,X,X,X,X,X,X,
,message.get_all,X,X,X,X,X,X,
,message.get,X,X,X,X,X,X,
,message.destroy,X,X,,,,,
,message.create,X,X,,,,,
,blob.get_all_records,X,X,X,X,X,X,
,blob.get_all_records_where,X,X,X,X,X,X,
,blob.get_all,X,X,X,X,X,X,
,blob.destroy,X,X,,,,,
,blob.create,X,X,,,,,
,blob.set_public,X,X,,,,,
,blob.set_name_description,X,X,,,,,
,blob.set_name_label,X,X,,,,,
,blob.get_mime_type,X,X,X,X,X,X,
,blob.get_last_updated,X,X,X,X,X,X,
,blob.get_public,X,X,X,X,X,X,
,blob.get_size,X,X,X,X,X,X,
,blob.get_name_description,X,X,X,X,X,X,
,blob.get_name_label,X,X,X,X,X,X,
,blob.get_uuid,X,X,X,X,X,X,
,blob.get_by_name_label,X,X,X,X,X,X,
,blob.get_by_uuid,X,X,X,X,X,X,
,blob.get_record,X,X,X,X,X,X,
,user.remove_from_other_config,X,,,,,,
,user.add_to_other_config,X,,,,,,
,user.set_other_config,X,,,,,,
,user.set_fullname,X,,,,,,
,user.get_other_config,X,X,X,X,X,X,
,user.get_fullname,X,X,X,X,X,X,
,user.get_short_name,X,X,X,X,X,X,
,user.get_uuid,X,X,X,X,X,X,
,user.destroy,X,,,,,,
,user.create,X,,,,,,
,user.get_by_uuid,X,X,X,X,X,X,
,user.get_record,X,X,X,X,X,X,
,console.get_all_records,X,X,X,X,X,X,
,console.get_all_records_where,X,X,X,X,X,X,
,console.get_all,X,X,X,X,X,X,
,console.remove_from_other_config,X,X,X,X,,,
,console.add_to_other_config,X,X,X,X,,,
,console.set_other_config,X,X,X,X,,,
,console.get_other_config,X,X,X,X,X,X,
,console.get_VM,X,X,X,X,X,X,
,console.get_location,X,X,X,X,X,X,
,console.get_protocol,X,X,X,X,X,X,
,console.get_uuid,X,X,X,X,X,X,
,console.destroy,X,X,X,X,,,
,console.create,X,X,X,X,,,
,console.get_by_uuid,X,X,X,X,X,X,
,console.get_record,X,X,X,X,X,X,
,VTPM.get_backend,X,X,X,X,X,X,
,VTPM.get_VM,X,X,X,X,X,X,
,VTPM.get_uuid,X,X,X,X,X,X,
,VTPM.destroy,X,X,X,X,,,
,VTPM.create,X,X,X,X,,,
,VTPM.get_by_uuid,X,X,X,X,X,X,
,VTPM.get_record,X,X,X,X,X,X,
,crashdump.get_all_records,X,X,X,X,X,X,
,crashdump.get_all_records_where,X,X,X,X,X,X,
,crashdump.get_all,X,X,X,X,X,X,
,crashdump.destroy,X,X,,,,,
,crashdump.remove_from_other_config,X,X,,,,,
,crashdump.add_to_other_config,X,X,,,,,
,crashdump.set_other_config,X,X,,,,,
,crashdump.get_other_config,X,X,X,X,X,X,
,crashdump.get_VDI,X,X,X,X,X,X,
,crashdump.get_VM,X,X,X,X,X,X,
,crashdump.get_uuid,X,X,X,X,X,X,
,crashdump.get_by_uuid,X,X,X,X,X,X,
,crashdump.get_record,X,X,X,X,X,X,
,PBD.get_all_records,X,X,X,X,X,X,
,PBD.get_all_records_where,X,X,X,X,X,X,
,PBD.get_all,X,X,X,X,X,X,
,PBD.set_device_config,X,X,,,,,
,PBD.unplug,X,X,,,,,
,PBD.plug,X,X,,,,,
,PBD.remove_from_other_config,X,X,,,,,
,PBD.add_to_other_config,X,X,,,,,
,PBD.set_other_config,X,X,,,,,
,PBD.get_other_config,X,X,X,X,X,X,
,PBD.get_currently_attached,X,X,X,X,X,X,
,PBD.get_device_config,X,X,X,X,X,X,
,PBD.get_SR,X,X,X,X,X,X,
,PBD.get_host,X,X,X,X,X,X,
,PBD.get_uuid,X,X,X,X,X,X,
,PBD.destroy,X,X,,,,,
,PBD.create,X,X,,,,,
,PBD.get_by_uuid,X,X,X,X,X,X,
,PBD.get_record,X,X,X,X,X,X,
,VBD_metrics.get_all_records,X,X,X,X,X,X,
,VBD_metrics.get_all_records_where,X,X,X,X,X,X,
,VBD_metrics.get_all,X,X,X,X,X,X,
,VBD_metrics.remove_from_other_config,X,X,X,X,,,
,VBD_metrics.add_to_other_config,X,X,X,X,,,
,VBD_metrics.set_other_config,X,X,X,X,,,
,VBD_metrics.get_other_config,X,X,X,X,X,X,
,VBD_metrics.get_last_updated,X,X,X,X,X,X,
,VBD_metrics.get_io_write_kbs,X,X,X,X,X,X,
,VBD_metrics.get_io_read_kbs,X,X,X,X,X,X,
,VBD_metrics.get_uuid,X,X,X,X,X,X,
,VBD_metrics.get_by_uuid,X,X,X,X,X,X,
,VBD_metrics.get_record,X,X,X,X,X,X,
,VBD.get_all_records,X,X,X,X,X,X,
,VBD.get_all_records_where,X,X,X,X,X,X,
,VBD.get_all,X,X,X,X,X,X,
,VBD.set_mode,X,X,X,X,,,
,VBD.unpause,X,X,X,X,,,
,VBD.pause,X,X,X,X,,,
,VBD.assert_attachable,X,X,X,X,,,
,VBD.unplug_force_no_safety_check,X,X,X,X,,,
,VBD.unplug_force,X,X,X,X,,,
,VBD.unplug,X,X,X,X,,,
,VBD.plug,X,X,X,X,,,
,VBD.insert,X,X,X,X,X,,
,VBD.eject,X,X,X,X,X,,
,VBD.remove_from_qos_algorithm_params,X,X,X,X,,,
,VBD.add_to_qos_algorithm_params,X,X,X,X,,,
,VBD.set_qos_algorithm_params,X,X,X,X,,,
,VBD.set_qos_algorithm_type,X,X,X,X,,,
,VBD.remove_from_other_config,X,X,X,X,,,
,VBD.add_to_other_config,X,X,X,X,,,
,VBD.set_other_config,X,X,X,X,,,
,VBD.set_unpluggable,X,X,X,X,,,
,VBD.set_type,X,X,X,X,,,
,VBD.set_bootable,X,X,X,X,,,
,VBD.set_userdevice,X,X,X,X,,,
,VBD.get_metrics,X,X,X,X,X,X,
,VBD.get_qos_supported_algorithms,X,X,X,X,X,X,
,VBD.get_qos_algorithm_params,X,X,X,X,X,X,
,VBD.get_qos_algorithm_type,X,X,X,X,X,X,
,VBD.get_runtime_properties,X,X,X,X,X,X,
,VBD.get_status_detail,X,X,X,X,X,X,
,VBD.get_status_code,X,X,X,X,X,X,
,VBD.get_currently_attached,X,X,X,X,X,X,
,VBD.get_other_config,X,X,X,X,X,X,
,VBD.get_empty,X,X,X,X,X,X,
,VBD.get_storage_lock,X,X,X,X,X,X,
,VBD.get_unpluggable,X,X,X,X,X,X,
,VBD.get_type,X,X,X,X,X,X,
,VBD.get_mode,X,X,X,X,X,X,
,VBD.get_bootable,X,X,X,X,X,X,
,VBD.get_userdevice,X,X,X,X,X,X,
,VBD.get_device,X,X,X,X,X,X,
,VBD.get_VDI,X,X,X,X,X,X,
,VBD.get_VM,X,X,X,X,X,X,
,VBD.get_current_operations,X,X,X,X,X,X,
,VBD.get_allowed_operations,X,X,X,X,X,X,
,VBD.get_uuid,X,X,X,X,X,X,
,VBD.destroy,X,X,X,X,,,
,VBD.create,X,X,X,X,,,
,VBD.get_by_uuid,X,X,X,X,X,X,
,VBD.get_record,X,X,X,X,X,X,
,VDI.get_all_records,X,X,X,X,X,X,
,VDI.get_all_records_where,X,X,X,X,X,X,
,VDI.get_all,X,X,X,X,X,X,
,VDI.get_nbd_info,X,X,X,X,,,
,VDI.list_changed_blocks,X,X,X,X,X,,
,VDI.data_destroy,X,X,X,X,,,
,VDI.set_cbt_enabled,,,,,,,
,VDI.disable_cbt,X,X,X,X,,,
,VDI.enable_cbt,X,X,X,X,,,
,VDI.pool_migrate,X,X,X,,,,
,VDI.read_database_pool_uuid,X,X,X,X,X,X,
,VDI.checksum,X,X,X,X,,,
,VDI.open_database,X,X,,,,,
,VDI.set_allow_caching,X,X,X,X,,,
,VDI.set_on_boot,X,X,X,X,,,
,VDI.generate_config,X,X,X,X,,,
,VDI.set_name_description,X,X,X,X,,,
,VDI.set_name_label,X,X,X,X,,,
,VDI.set_metadata_of_pool,,,,,,,
,VDI.set_snapshot_time,,,,,,,
,VDI.set_snapshot_of,,,,,,,
,VDI.set_is_a_snapshot,,,,,,,
,VDI.set_physical_utilisation,,,,,,,
,VDI.set_virtual_size,,,,,,,
,VDI.set_missing,,,,,,,
,VDI.set_read_only,X,X,X,X,,,
,VDI.set_sharable,X,X,X,X,,,
,VDI.forget,X,X,X,X,,,
,VDI.set_managed,,,,,,,
,VDI.force_unlock,X,X,X,X,,,
,VDI.copy,X,X,X,X,,,
,VDI.update,X,X,X,X,,,
,VDI.db_forget,,,,,,,
,VDI.db_introduce,,,,,,,
,VDI.pool_introduce,X,X,X,X,,,
,VDI.introduce,X,X,X,X,,,
,VDI.resize_online,X,X,X,X,,,
,VDI.resize,X,X,X,X,,,
,VDI.clone,X,X,X,X,,,
,VDI.snapshot,X,X,X,X,,,
,VDI.remove_tags,X,X,X,X,X,,
,VDI.add_tags,X,X,X,X,X,,
,VDI.set_tags,X,X,X,X,X,,
,VDI.remove_from_sm_config,X,X,X,X,,,
,VDI.add_to_sm_config,X,X,X,X,,,
,VDI.set_sm_config,X,X,X,X,,,
,VDI.remove_from_xenstore_data,X,X,X,X,,,
,VDI.add_to_xenstore_data,X,X,X,X,,,
,VDI.set_xenstore_data,X,X,X,X,,,
,VDI.remove_from_other_config/key:XenCenter.CustomFields.*,X,X,X,X,X,,
,VDI.remove_from_other_config/key:folder,X,X,X,X,X,,
,VDI.remove_from_other_config,X,X,X,X,,,
,VDI.add_to_other_config/key:XenCenter.CustomFields.*,X,X,X,X,X,,
,VDI.add_to_other_config/key:folder,X,X,X,X,X,,
,VDI.add_to_other_config,X,X,X,X,,,
,VDI.set_other_config,X,X,X,X,,,
,VDI.get_cbt_enabled,X,X,X,X,X,X,
,VDI.get_is_tools_iso,X,X,X,X,X,X,
,VDI.get_metadata_latest,X,X,X,X,X,X,
,VDI.get_metadata_of_pool,X,X,X,X,X,X,
,VDI.get_on_boot,X,X,X,X,X,X,
,VDI.get_allow_caching,X,X,X,X,X,X,
,VDI.get_tags,X,X,X,X,X,X,
,VDI.get_snapshot_time,X,X,X,X,X,X,
,VDI.get_snapshots,X,X,X,X,X,X,
,VDI.get_snapshot_of,X,X,X,X,X,X,
,VDI.get_is_a_snapshot,X,X,X,X,X,X,
,VDI.get_sm_config,X,X,X,X,X,X,
,VDI.get_xenstore_data,X,X,X,X,X,X,
,VDI.get_parent,X,X,X,X,X,X,
,VDI.get_missing,X,X,X,X,X,X,
,VDI.get_managed,X,X,X,X,X,X,
,VDI.get_location,X,X,X,X,X,X,
,VDI.get_storage_lock,X,X,X,X,X,X,
,VDI.get_other_config,X,X,X,X,X,X,
,VDI.get_read_only,X,X,X,X,X,X,
,VDI.get_sharable,X,X,X,X,X,X,
,VDI.get_type,X,X,X,X,X,X,
,VDI.get_physical_utilisation,X,X,X,X,X,X,
,VDI.get_virtual_size,X,X,X,X,X,X,
,VDI.get_crash_dumps,X,X,X,X,X,X,
,VDI.get_VBDs,X,X,X,X,X,X,
,VDI.get_SR,X,X,X,X,X,X,
,VDI.get_current_operations,X,X,X,X,X,X,
,VDI.get_allowed_operations,X,X,X,X,X,X,
,VDI.get_name_description,X,X,X,X,X,X,
,VDI.get_name_label,X,X,X,X,X,X,
,VDI.get_uuid,X,X,X,X,X,X,
,VDI.get_by_name_label,X,X,X,X,X,X,
,VDI.destroy,X,X,X,X,,,
,VDI.create,X,X,X,X,,,
,VDI.get_by_uuid,X,X,X,X,X,X,
,VDI.get_record,X,X,X,X,X,X,
,LVHD.enable_thin_provisioning,X,,,,,,
,LVHD.get_uuid,X,X,X,X,X,X,
,LVHD.get_by_uuid,X,X,X,X,X,X,
,LVHD.get_record,X,X,X,X,X,X,
,SR.get_all_records,X,X,X,X,X,X,
,SR.get_all_records_where,X,X,X,X,X,X,
,SR.get_all,X,X,X,X,X,X,
,SR.get_live_hosts,X,X,,,,,
,SR.forget_data_source_archives,X,X,,,,,
,SR.query_data_source,X,X,X,X,X,X,
,SR.record_data_source,X,X,,,,,
,SR.get_data_sources,X,X,X,X,X,X,
,SR.disable_database_replication,X,X,,,,,
,SR.enable_database_replication,X,X,,,,,
,SR.assert_supports_database_replication,X,X,,,,,
,SR.assert_can_host_ha_statefile,X,X,,,,,
,SR.set_physical_utilisation,,,,,,,
,SR.set_virtual_allocation,,,,,,,
,SR.set_physical_size,X,X,,,,,
,SR.create_new_blob,X,X,,,,,
,SR.set_name_description,X,X,,,,,
,SR.set_name_label,X,X,,,,,
,SR.set_shared,X,X,,,,,
,SR.probe_ext,X,X,,,,,
,SR.probe,X,X,,,,,
,SR.scan,X,X,X,,,,
,SR.get_supported_types,X,X,X,X,X,X,
,SR.update,X,X,,,,,
,SR.forget,X,X,,,,,
,SR.destroy,X,X,,,,,
,SR.make,X,X,,,,,
,SR.introduce,X,X,,,,,
,SR.create,X,X,,,,,
,SR.remove_from_sm_config,X,X,,,,,
,SR.add_to_sm_config,X,X,,,,,
,SR.set_sm_config,X,X,,,,,
,SR.remove_tags,X,X,X,X,X,,
,SR.add_tags,X,X,X,X,X,,
,SR.set_tags,X,X,X,X,X,,
,SR.remove_from_other_config/key:XenCenter.CustomFields.*,X,X,X,X,X,,
,SR.remove_from_other_config/key:folder,X,X,X,X,X,,
,SR.remove_from_other_config,X,X,,,,,
,SR.add_to_other_config/key:XenCenter.CustomFields.*,X,X,X,X,X,,
,SR.add_to_other_config/key:folder,X,X,X,X,X,,
,SR.add_to_other_config,X,X,,,,,
,SR.set_other_config,X,X,,,,,
,SR.get_is_tools_sr,X,X,X,X,X,X,
,SR.get_clustered,X,X,X,X,X,X,
,SR.get_introduced_by,X,X,X,X,X,X,
,SR.get_local_cache_enabled,X,X,X,X,X,X,
,SR.get_blobs,X,X,X,X,X,X,
,SR.get_sm_config,X,X,X,X,X,X,
,SR.get_tags,X,X,X,X,X,X,
,SR.get_other_config,X,X,X,X,X,X,
,SR.get_shared,X,X,X,X,X,X,
,SR.get_content_type,X,X,X,X,X,X,
,SR.get_type,X,X,X,X,X,X,
,SR.get_physical_size,X,X,X,X,X,X,
,SR.get_physical_utilisation,X,X,X,X,X,X,
,SR.get_virtual_allocation,X,X,X,X,X,X,
,SR.get_PBDs,X,X,X,X,X,X,
,SR.get_VDIs,X,X,X,X,X,X,
,SR.get_current_operations,X,X,X,X,X,X,
,SR.get_allowed_operations,X,X,X,X,X,X,
,SR.get_name_description,X,X,X,X,X,X,
,SR.get_name_label,X,X,X,X,X,X,
,SR.get_uuid,X,X,X,X,X,X,
,SR.get_by_name_label,X,X,X,X,X,X,
,SR.get_by_uuid,X,X,X,X,X,X,
,SR.get_record,X,X,X,X,X,X,
,SM.get_all_records,X,X,X,X,X,X,
,SM.get_all_records_where,X,X,X,X,X,X,
,SM.get_all,X,X,X,X,X,X,
,SM.remove_from_other_config,X,X,,,,,
,SM.add_to_other_config,X,X,,,,,
,SM.set_other_config,X,X,,,,,
,SM.get_required_cluster_stack,X,X,X,X,X,X,
,SM.get_driver_filename,X,X,X,X,X,X,
,SM.get_other_config,X,X,X,X,X,X,
,SM.get_features,X,X,X,X,X,X,
,SM.get_capabilities,X,X,X,X,X,X,
,SM.get_configuration,X,X,X,X,X,X,
,SM.get_required_api_version,X,X,X,X,X,X,
,SM.get_version,X,X,X,X,X,X,
,SM.get_copyright,X,X,X,X,X,X,
,SM.get_vendor,X,X,X,X,X,X,
,SM.get_type,X,X,X,X,X,X,
,SM.get_name_description,X,X,X,X,X,X,
,SM.get_name_label,X,X,X,X,X,X,
,SM.get_uuid,X,X,X,X,X,X,
,SM.get_by_name_label,X,X,X,X,X,X,
,SM.get_by_uuid,X,X,X,X,X,X,
,SM.get_record,X,X,X,X,X,X,
,VLAN.get_all_records,X,X,X,X,X,X,
,VLAN.get_all_records_where,X,X,X,X,X,X,
,VLAN.get_all,X,X,X,X,X,X,
,VLAN.destroy,X,X,,,,,
,VLAN.create,X,X,,,,,
,VLAN.pool_introduce,X,X,,,,,
,VLAN.remove_from_other_config,X,X,,,,,
,VLAN.add_to_other_config,X,X,,,,,
,VLAN.set_other_config,X,X,,,,,
,VLAN.get_other_config,X,X,X,X,X,X,
,VLAN.get_tag,X,X,X,X,X,X,
,VLAN.get_untagged_PIF,X,X,X,X,X,X,
,VLAN.get_tagged_PIF,X,X,X,X,X,X,
,VLAN.get_uuid,X,X,X,X,X,X,
,VLAN.get_by_uuid,X,X,X,X,X,X,
,VLAN.get_record,X,X,X,X,X,X,
,Bond.get_all_records,X,X,X,X,X,X,
,Bond.get_all_records_where,X,X,X,X,X,X,
,Bond.get_all,X,X,X,X,X,X,
,Bond.set_property,X,X,,,,,
,Bond.set_mode,X,X,,,,,
,Bond.destroy,X,X,,,,,
,Bond.create,X,X,,,,,
,Bond.remove_from_other_config,X,X,,,,,
,Bond.add_to_other_config,X,X,,,,,
,Bond.set_other_config,X,X,,,,,
,Bond.get_auto_update_mac,X,X,X,X,X,X,
,Bond.get_links_up,X,X,X,X,X,X,
,Bond.get_properties,X,X,X,X,X,X,
,Bond.get_mode,X,X,X,X,X,X,
,Bond.get_primary_slave,X,X,X,X,X,X,
,Bond.get_other_config,X,X,X,X,X,X,
,Bond.get_slaves,X,X,X,X,X,X,
,Bond.get_master,X,X,X,X,X,X,
,Bond.get_uuid,X,X,X,X,X,X,
,Bond.get_by_uuid,X,X,X,X,X,X,
,Bond.get_record,X,X,X,X,X,X,
,PIF_metrics.get_all_records,X,X,X,X,X,X,
,PIF_metrics.get_all_records_where,X,X,X,X,X,X,
,PIF_metrics.get_all,X,X,X,X,X,X,
,PIF_metrics.remove_from_other_config,X,X,,,,,
,PIF_metrics.add_to_other_config,X,X,,,,,
,PIF_metrics.set_other_config,X,X,,,,,
,PIF_metrics.get_other_config,X,X,X,X,X,X,
,PIF_metrics.get_last_updated,X,X,X,X,X,X,
,PIF_metrics.get_pci_bus_path,X,X,X,X,X,X,
,PIF_metrics.get_duplex,X,X,X,X,X,X,
,PIF_metrics.get_speed,X,X,X,X,X,X,
,PIF_metrics.get_device_name,X,X,X,X,X,X,
,PIF_metrics.get_device_id,X,X,X,X,X,X,
,PIF_metrics.get_vendor_name,X,X,X,X,X,X,
,PIF_metrics.get_vendor_id,X,X,X,X,X,X,
,PIF_metrics.get_carrier,X,X,X,X,X,X,
,PIF_metrics.get_io_write_kbs,X,X,X,X,X,X,
,PIF_metrics.get_io_read_kbs,X,X,X,X,X,X,
,PIF_metrics.get_uuid,X,X,X,X,X,X,
,PIF_metrics.get_by_uuid,X,X,X,X,X,X,
,PIF_metrics.get_record,X,X,X,X,X,X,
,PIF.get_all_records,X,X,X,X,X,X,
,PIF.get_all_records_where,X,X,X,X,X,X,
,PIF.get_all,X,X,X,X,X,X,
,PIF.set_property,X,X,,,,,
,PIF.db_forget,X,X,,,,,
,PIF.db_introduce,X,X,,,,,
,PIF.pool_introduce,X,X,,,,,
,PIF.plug,X,X,,,,,
,PIF.set_disallow_unplug,X,X,,,,,
,PIF.unplug,X,X,,,,,
,PIF.forget,X,X,,,,,
,PIF.introduce,X,X,,,,,
,PIF.scan,X,X,,,,,
,PIF.set_primary_address_type,X,X,,,,,
,PIF.reconfigure_ipv6,X,X,,,,,
,PIF.reconfigure_ip,X,X,,,,,
,PIF.destroy,X,X,,,,,
,PIF.create_VLAN,X,X,,,,,
,PIF.remove_from_other_config,X,X,,,,,
,PIF.add_to_other_config,X,X,,,,,
,PIF.set_other_config,X,X,,,,,
,PIF.get_PCI,X,X,X,X,X,X,
,PIF.get_sriov_logical_PIF_of,X,X,X,X,X,X,
,PIF.get_sriov_physical_PIF_of,X,X,X,X,X,X,
,PIF.get_igmp_snooping_status,X,X,X,X,X,X,
,PIF.get_capabilities,X,X,X,X,X,X,
,PIF.get_properties,X,X,X,X,X,X,
,PIF.get_managed,X,X,X,X,X,X,
,PIF.get_primary_address_type,X,X,X,X,X,X,
,PIF.get_ipv6_gateway,X,X,X,X,X,X,
,PIF.get_IPv6,X,X,X,X,X,X,
,PIF.get_ipv6_configuration_mode,X,X,X,X,X,X,
,PIF.get_tunnel_transport_PIF_of,X,X,X,X,X,X,
,PIF.get_tunnel_access_PIF_of,X,X,X,X,X,X,
,PIF.get_disallow_unplug,X,X,X,X,X,X,
,PIF.get_other_config,X,X,X,X,X,X,
,PIF.get_management,X,X,X,X,X,X,
,PIF.get_VLAN_slave_of,X,X,X,X,X,X,
,PIF.get_VLAN_master_of,X,X,X,X,X,X,
,PIF.get_bond_master_of,X,X,X,X,X,X,
,PIF.get_bond_slave_of,X,X,X,X,X,X,
,PIF.get_DNS,X,X,X,X,X,X,
,PIF.get_gateway,X,X,X,X,X,X,
,PIF.get_netmask,X,X,X,X,X,X,
,PIF.get_IP,X,X,X,X,X,X,
,PIF.get_ip_configuration_mode,X,X,X,X,X,X,
,PIF.get_currently_attached,X,X,X,X,X,X,
,PIF.get_physical,X,X,X,X,X,X,
,PIF.get_metrics,X,X,X,X,X,X,
,PIF.get_VLAN,X,X,X,X,X,X,
,PIF.get_MTU,X,X,X,X,X,X,
,PIF.get_MAC,X,X,X,X,X,X,
,PIF.get_host,X,X,X,X,X,X,
,PIF.get_network,X,X,X,X,X,X,
,PIF.get_device,X,X,X,X,X,X,
,PIF.get_uuid,X,X,X,X,X,X,
,PIF.get_by_uuid,X,X,X,X,X,X,
,PIF.get_record,X,X,X,X,X,X,
,VIF_metrics.get_all_records,X,X,X,X,X,X,
,VIF_metrics.get_all_records_where,X,X,X,X,X,X,
,VIF_metrics.get_all,X,X,X,X,X,X,
,VIF_metrics.remove_from_other_config,X,X,X,X,,,
,VIF_metrics.add_to_other_config,X,X,X,X,,,
,VIF_metrics.set_other_config,X,X,X,X,,,
,VIF_metrics.get_other_config,X,X,X,X,X,X,
,VIF_metrics.get_last_updated,X,X,X,X,X,X,
,VIF_metrics.get_io_write_kbs,X,X,X,X,X,X,
,VIF_metrics.get_io_read_kbs,X,X,X,X,X,X,
,VIF_metrics.get_uuid,X,X,X,X,X,X,
,VIF_metrics.get_by_uuid,X,X,X,X,X,X,
,VIF_metrics.get_record,X,X,X,X,X,X,
,VIF.get_all_records,X,X,X,X,X,X,
,VIF.get_all_records_where,X,X,X,X,X,X,
,VIF.get_all,X,X,X,X,X,X,
,VIF.configure_ipv6,X,X,X,X,X,,
,VIF.configure_ipv4,X,X,X,X,X,,
,VIF.remove_ipv6_allowed,X,X,,,,,
,VIF.add_ipv6_allowed,X,X,,,,,
,VIF.set_ipv6_allowed,X,X,,,,,
,VIF.remove_ipv4_allowed,X,X,,,,,
,VIF.add_ipv4_allowed,X,X,,,,,
,VIF.set_ipv4_allowed,X,X,,,,,
,VIF.set_locking_mode,X,X,,,,,
,VIF.move,X,X,X,X,,,
,VIF.unplug_force,X,X,X,X,,,
,VIF.unplug,X,X,X,X,,,
,VIF.plug,X,X,X,X,,,
,VIF.remove_from_qos_algorithm_params,X,X,X,X,,,
,VIF.add_to_qos_algorithm_params,X,X,X,X,,,
,VIF.set_qos_algorithm_params,X,X,X,X,,,
,VIF.set_qos_algorithm_type,X,X,X,X,,,
,VIF.remove_from_other_config,X,X,X,X,,,
,VIF.add_to_other_config,X,X,X,X,,,
,VIF.set_other_config,X,X,X,X,,,
,VIF.get_ipv6_gateway,X,X,X,X,X,X,
,VIF.get_ipv6_addresses,X,X,X,X,X,X,
,VIF.get_ipv6_configuration_mode,X,X,X,X,X,X,
,VIF.get_ipv4_gateway,X,X,X,X,X,X,
,VIF.get_ipv4_addresses,X,X,X,X,X,X,
,VIF.get_ipv4_configuration_mode,X,X,X,X,X,X,
,VIF.get_ipv6_allowed,X,X,X,X,X,X,
,VIF.get_ipv4_allowed,X,X,X,X,X,X,
,VIF.get_locking_mode,X,X,X,X,X,X,
,VIF.get_MAC_autogenerated,X,X,X,X,X,X,
,VIF.get_metrics,X,X,X,X,X,X,
,VIF.get_qos_supported_algorithms,X,X,X,X,X,X,
,VIF.get_qos_algorithm_params,X,X,X,X,X,X,
,VIF.get_qos_algorithm_type,X,X,X,X,X,X,
,VIF.get_runtime_properties,X,X,X,X,X,X,
,VIF.get_status_detail,X,X,X,X,X,X,
,VIF.get_status_code,X,X,X,X,X,X,
,VIF.get_currently_attached,X,X,X,X,X,X,
,VIF.get_other_config,X,X,X,X,X,X,
,VIF.get_MTU,X,X,X,X,X,X,
,VIF.get_MAC,X,X,X,X,X,X,
,VIF.get_VM,X,X,X,X,X,X,
,VIF.get_network,X,X,X,X,X,X,
,VIF.get_device,X,X,X,X,X,X,
,VIF.get_current_operations,X,X,X,X,X,X,
,VIF.get_allowed_operations,X,X,X,X,X,X,
,VIF.get_uuid,X,X,X,X,X,X,
,VIF.destroy,X,X,X,X,,,
,VIF.create,X,X,X,X,,,
,VIF.get_by_uuid,X,X,X,X,X,X,
,VIF.get_record,X,X,X,X,X,X,
,network.get_all_records,X,X,X,X,X,X,
,network.get_all_records_where,X,X,X,X,X,X,
,network.get_all,X,X,X,X,X,X,
,network.remove_purpose,X,,,,,,
,network.add_purpose,X,,,,,,
,network.detach_for_vm,X,X,X,,,,
,network.attach_for_vm,X,X,X,,,,
,network.set_default_locking_mode,X,X,,,,,
,network.create_new_blob,X,X,,,,,
,network.pool_introduce,X,X,,,,,
,network.attach,X,X,,,,,
,network.remove_tags,X,X,X,X,X,,
,network.add_tags,X,X,X,X,X,,
,network.set_tags,X,X,X,X,X,,
,network.remove_from_other_config/key:XenCenterCreateInProgress,X,X,X,X,X,,
,network.remove_from_other_config/key:XenCenter.CustomFields.*,X,X,X,X,X,,
,network.remove_from_other_config/key:folder,X,X,X,X,X,,
,network.remove_from_other_config,X,X,,,,,
,network.add_to_other_config/key:XenCenterCreateInProgress,X,X,X,X,X,,
,network.add_to_other_config/key:XenCenter.CustomFields.*,X,X,X,X,X,,
,network.add_to_other_config/key:folder,X,X,X,X,X,,
,network.add_to_other_config,X,X,,,,,
,network.set_other_config,X,X,,,,,
,network.set_MTU,X,X,X,X,,,
,network.set_name_description,X,X,,,,,
,network.set_name_label,X,X,,,,,
,network.get_purpose,X,X,X,X,X,X,
,network.get_assigned_ips,X,X,X,X,X,X,
,network.get_default_locking_mode,X,X,X,X,X,X,
,network.get_tags,X,X,X,X,X,X,
,network.get_blobs,X,X,X,X,X,X,
,network.get_managed,X,X,X,X,X,X,
,network.get_bridge,X,X,X,X,X,X,
,network.get_other_config,X,X,X,X,X,X,
,network.get_MTU,X,X,X,X,X,X,
,network.get_PIFs,X,X,X,X,X,X,
,network.get_VIFs,X,X,X,X,X,X,
,network.get_current_operations,X,X,X,X,X,X,
,network.get_allowed_operations,X,X,X,X,X,X,
,network.get_name_description,X,X,X,X,X,X,
,network.get_name_label,X,X,X,X,X,X,
,network.get_uuid,X,X,X,X,X,X,
,network.get_by_name_label,X,X,X,X,X,X,
,network.destroy,X,X,X,X,,,
,network.create,X,X,X,X,,,
,network.get_by_uuid,X,X,X,X,X,X,
,network.get_record,X,X,X,X,X,X,
,host_cpu.get_all_records,X,X,X,X,X,X,
,host_cpu.get_all_records_where,X,X,X,X,X,X,
,host_cpu.get_all,X,X,X,X,X,X,
,host_cpu.remove_from_other_config,X,X,,,,,
,host_cpu.add_to_other_config,X,X,,,,,
,host_cpu.set_other_config,X,X,,,,,
,host_cpu.get_other_config,X,X,X,X,X,X,
,host_cpu.get_utilisation,X,X,X,X,X,X,
,host_cpu.get_features,X,X,X,X,X,X,
,host_cpu.get_flags,X,X,X,X,X,X,
,host_cpu.get_stepping,X,X,X,X,X,X,
,host_cpu.get_model,X,X,X,X,X,X,
,host_cpu.get_family,X,X,X,X,X,X,
,host_cpu.get_modelname,X,X,X,X,X,X,
,host_cpu.get_speed,X,X,X,X,X,X,
,host_cpu.get_vendor,X,X,X,X,X,X,
,host_cpu.get_number,X,X,X,X,X,X,
,host_cpu.get_host,X,X,X,X,X,X,
,host_cpu.get_uuid,X,X,X,X,X,X,
,host_cpu.get_by_uuid,X,X,X,X,X,X,
,host_cpu.get_record,X,X,X,X,X,X,
,host_metrics.get_all_records,X,X,X,X,X,X,
,host_metrics.get_all_records_where,X,X,X,X,X,X,
,host_metrics.get_all,X,X,X,X,X,X,
,host_metrics.remove_from_other_config,X,X,,,,,
,host_metrics.add_to_other_config,X,X,,,,,
,host_metrics.set_other_config,X,X,,,,,
,host_metrics.get_other_config,X,X,X,X,X,X,
,host_metrics.get_last_updated,X,X,X,X,X,X,
,host_metrics.get_live,X,X,X,X,X,X,
,host_metrics.get_memory_free,X,X,X,X,X,X,
,host_metrics.get_memory_total,X,X,X,X,X,X,
,host_metrics.get_uuid,X,X,X,X,X,X,
,host_metrics.get_by_uuid,X,X,X,X,X,X,
,host_metrics.get_record,X,X,X,X,X,X,
,host_patch.get_all_records,X,X,X,X,X,X,
,host_patch.get_all_records_where,X,X,X,X,X,X,
,host_patch.get_all,X,X,X,X,X,X,
,host_patch.apply,X,X,,,,,
,host_patch.destroy,X,X,,,,,
,host_patch.remove_from_other_config,X,X,,,,,
,host_patch.add_to_other_config,X,X,,,,,
,host_patch.set_other_config,X,X,,,,,
,host_patch.get_other_config,X,X,X,X,X,X,
,host_patch.get_pool_patch,X,X,X,X,X,X,
,host_patch.get_size,X,X,X,X,X,X,
,host_patch.get_timestamp_applied,X,X,X,X,X,X,
,host_patch.get_applied,X,X,X,X,X,X,
,host_patch.get_host,X,X,X,X,X,X,
,host_patch.get_version,X,X,X,X,X,X,
,host_patch.get_name_description,X,X,X,X,X,X,
,host_patch.get_name_label,X,X,X,X,X,X,
,host_patch.get_uuid,X,X,X,X,X,X,
,host_patch.get_by_name_label,X,X,X,X,X,X,
,host_patch.get_by_uuid,X,X,X,X,X,X,
,host_patch.get_record,X,X,X,X,X,X,
,host_crashdump.get_all_records,X,X,X,X,X,X,
,host_crashdump.get_all_records_where,X,X,X,X,X,X,
,host_crashdump.get_all,X,X,X,X,X,X,
,host_crashdump.upload,X,X,,,,,
,host_crashdump.destroy,X,X,,,,,
,host_crashdump.remove_from_other_config,X,X,,,,,
,host_crashdump.add_to_other_config,X,X,,,,,
,host_crashdump.set_other_config,X,X,,,,,
,host_crashdump.get_other_config,X,X,X,X,X,X,
,host_crashdump.get_size,X,X,X,X,X,X,
,host_crashdump.get_timestamp,X,X,X,X,X,X,
,host_crashdump.get_host,X,X,X,X,X,X,
,host_crashdump.get_uuid,X,X,X,X,X,X,
,host_crashdump.get_by_uuid,X,X,X,X,X,X,
,host_crashdump.get_record,X,X,X,X,X,X,
,host.get_all_records,X,X,X,X,X,X,
,host.get_all_records_where,X,X,X,X,X,X,
,host.get_all,X,X,X,X,X,X,
,host.get_sched_gran,,,,,,,
,host.set_sched_gran,,,,,,,
,host.set_https_only,X,X,,,,,
,host.cleanup_pool_secret,,,,,,,
,host.notify_send_new_pool_secret,,,,,,,
,host.notify_accept_new_pool_secret,,,,,,,
,host.set_uefi_certificates,,,,,,,
,host.set_multipathing,X,X,,,,,
,host.set_iscsi_iqn,X,X,,,,,
,host.allocate_resources_for_vm,X,X,X,X,X,,
,host.nvidia_vf_setup,X,X,X,X,X,,
,host.mxgpu_vf_setup,X,X,X,X,X,,
,host.apply_guest_agent_config,X,,,,,,
,host.set_ssl_legacy,X,X,,,,,
,host.disable_display,X,X,,,,,
,host.enable_display,X,X,,,,,
,host.declare_dead,X,X,,,,,
,host.migrate_receive,X,X,X,,,,
,host.sync_pif_currently_attached,X,X,,,,,
,host.sync_tunnels,X,X,,,,,
,host.sync_vlans,X,X,,,,,
,host.sm_dp_destroy,X,X,,,,,
,host.get_thread_diagnostics,X,X,,,,,
,host.get_sm_diagnostics,X,X,,,,,
,host.disable_local_storage_caching,X,X,,,,,
,host.enable_local_storage_caching,X,X,,,,,
,host.reset_networking,X,X,,,,,
,host.reset_cpu_features,X,X,,,,,
,host.set_cpu_features,X,X,,,,,
,host.set_power_on_mode,X,X,,,,,
,host.refresh_pack_info,X,X,,,,,
,host.apply_edition,X,X,,,,,
,host.set_localdb_key,,,,,,,
,host.detach_static_vdis,,,,,,,
,host.attach_static_vdis,,,,,,,
,host.update_master,,,,,,,
,host.update_pool_secret,,,,,,,
,host.emergency_reset_server_certificate,,,,,,,
,host.install_server_certificate,X,,,,,,
,host.get_server_certificate,X,X,X,X,X,X,
,host.certificate_sync,,,,,,,
,host.crl_list,,,,,,,
,host.crl_uninstall,,,,,,,
,host.crl_install,,,,,,,
,host.certificate_list,,,,,,,
,host.certificate_uninstall,,,,,,,
,host.certificate_install,,,,,,,
,host.retrieve_wlb_evacuate_recommendations,X,X,X,X,X,X,
,host.disable_external_auth,X,,,,,,
,host.enable_external_auth,X,,,,,,
,host.disable_binary_storage,,,,,,,
,host.enable_binary_storage,,,,,,,
,host.get_server_localtime,X,X,X,X,X,X,
,host.get_servertime,X,X,X,X,X,X,
,host.call_extension,X,,,,,,
,host.has_extension,X,,,,,,
,host.call_plugin,X,,,,,,
,host.create_new_blob,X,X,,,,,
,host.backup_rrds,X,,,,,,
,host.sync_data,X,,,,,,
,host.tickle_heartbeat,,,,,,,
,host.compute_memory_overhead,X,X,X,X,X,X,
,host.compute_free_memory,X,X,X,X,X,X,
,host.is_in_emergency_mode,X,X,X,X,X,X,
,host.set_hostname_live,X,X,,,,,
,host.shutdown_agent,X,X,,,,,
,host.restart_agent,X,X,,,,,
,host.get_diagnostic_timing_stats,X,X,X,X,X,X,
,host.get_system_status_capabilities,X,X,X,X,X,X,
,host.get_management_interface,X,X,,,,,
,host.management_disable,X,X,,,,,
,host.local_management_reconfigure,X,X,,,,,
,host.management_reconfigure,X,X,,,,,
,host.syslog_reconfigure,X,X,,,,,
,host.notify,,,,,,,
,host.signal_networking_change,,,,,,,
,host.evacuate,X,X,,,,,
,host.get_uncooperative_domains,,,,,,,
,host.get_uncooperative_resident_VMs,X,X,X,X,X,X,
,host.get_vms_which_prevent_evacuation,X,X,X,X,X,X,
,host.assert_can_evacuate,X,X,,,,,
,host.forget_data_source_archives,X,X,,,,,
,host.query_data_source,X,X,X,X,X,X,
,host.record_data_source,X,X,,,,,
,host.get_data_sources,X,X,X,X,X,X,
,host.abort_new_master,,,,,,,
,host.commit_new_master,,,,,,,
,host.propose_new_master,,,,,,,
,host.request_config_file_sync,,,,,,,
,host.request_backup,,,,,,,
,host.local_assert_healthy,,,,,,,
,host.ha_xapi_healthcheck,X,,,,,,
,host.ha_release_resources,,,,,,,
,host.ha_stop_daemon,,,,,,,
,host.ha_wait_for_shutdown_via_statefile,,,,,,,
,host.ha_disable_failover_decisions,,,,,,,
,host.ha_join_liveset,,,,,,,
,host.preconfigure_ha,,,,,,,
,host.ha_disarm_fencing,,,,,,,
,host.emergency_ha_disable,X,X,,,,,
,host.set_license_params,,,,,,,
,host.power_on,X,X,,,,,
,host.destroy,X,X,,,,,
,host.create,X,X,,,,,
,host.license_remove,X,X,,,,,
,host.license_add,X,X,,,,,
,host.license_apply,X,X,,,,,
,host.list_methods,X,X,X,X,X,X,
,host.bugreport_upload,X,X,,,,,
,host.send_debug_keys,X,,,,,,
,host.get_log,X,X,X,X,X,X,
,host.dmesg_clear,X,X,,,,,
,host.dmesg,X,X,,,,,
,host.prepare_for_poweroff,,,,,,,
,host.reboot,X,X,,,,,
,host.shutdown,X,X,,,,,
,host.enable,X,X,,,,,
,host.disable,X,X,,,,,
,host.set_display,X,X,,,,,
,host.remove_from_guest_VCPUs_params,X,X,,,,,
,host.add_to_guest_VCPUs_params,X,X,,,,,
,host.set_guest_VCPUs_params,X,X,,,,,
,host.remove_from_license_server,X,X,,,,,
,host.add_to_license_server,X,X,,,,,
,host.set_license_server,X,X,,,,,
,host.remove_tags,X,X,X,X,X,,
,host.add_tags,X,X,X,X,X,,
,host.set_tags,X,X,X,X,X,,
,host.set_address,X,X,,,,,
,host.set_hostname,X,X,,,,,
,host.set_crash_dump_sr,X,X,,,,,
,host.set_suspend_image_sr,X,X,,,,,
,host.remove_from_logging,X,X,,,,,
,host.add_to_logging,X,X,,,,,
,host.set_logging,X,X,,,,,
,host.remove_from_other_config/key:XenCenter.CustomFields.*,X,X,X,X,X,,
,host.remove_from_other_config/key:folder,X,X,X,X,X,,
,host.remove_from_other_config,X,X,,,,,
,host.add_to_other_config/key:XenCenter.CustomFields.*,X,X,X,X,X,,
,host.add_to_other_config/key:folder,X,X,X,X,X,,
,host.add_to_other_config,X,X,,,,,
,host.set_other_config,X,X,,,,,
,host.set_name_description,X,X,,,,,
,host.set_name_label,X,X,,,,,
,host.get_https_only,X,X,X,X,X,X,
,host.get_editions,X,X,X,X,X,X,
,host.get_certificates,X,X,X,X,X,X,
,host.get_uefi_certificates,X,X,X,X,X,X,
,host.get_multipathing,X,X,X,X,X,X,
,host.get_iscsi_iqn,X,X,X,X,X,X,
,host.get_features,X,X,X,X,X,X,
,host.get_updates_requiring_reboot,X,X,X,X,X,X,
,host.get_control_domain,X,X,X,X,X,X,
,host.get_virtual_hardware_platform_versions,X,X,X,X,X,X,
,host.get_display,X,X,X,X,X,X,
,host.get_guest_VCPUs_params,X,X,X,X,X,X,
,host.get_ssl_legacy,X,X,X,X,X,X,
,host.get_PUSBs,X,X,X,X,X,X,
,host.get_PGPUs,X,X,X,X,X,X,
,host.get_PCIs,X,X,X,X,X,X,
,host.get_chipset_info,X,X,X,X,X,X,
,host.get_local_cache_sr,X,X,X,X,X,X,
,host.get_power_on_config,X,X,X,X,X,X,
,host.get_power_on_mode,X,X,X,X,X,X,
,host.get_bios_strings,X,X,X,X,X,X,
,host.get_license_server,X,X,X,X,X,X,
,host.get_edition,X,X,X,X,X,X,
,host.get_external_auth_configuration,X,X,X,X,X,X,
,host.get_external_auth_service_name,X,X,X,X,X,X,
,host.get_external_auth_type,X,X,X,X,X,X,
,host.get_tags,X,X,X,X,X,X,
,host.get_blobs,X,X,X,X,X,X,
,host.get_ha_network_peers,X,X,X,X,X,X,
,host.get_ha_statefiles,X,X,X,X,X,X,
,host.get_license_params,X,X,X,X,X,X,
,host.get_metrics,X,X,X,X,X,X,
,host.get_address,X,X,X,X,X,X,
,host.get_hostname,X,X,X,X,X,X,
,host.get_cpu_info,X,X,X,X,X,X,
,host.get_host_CPUs,X,X,X,X,X,X,
,host.get_PBDs,X,X,X,X,X,X,
,host.get_updates,X,X,X,X,X,X,
,host.get_patches,X,X,X,X,X,X,
,host.get_crashdumps,X,X,X,X,X,X,
,host.get_crash_dump_sr,X,X,X,X,X,X,
,host.get_suspend_image_sr,X,X,X,X,X,X,
,host.get_PIFs,X,X,X,X,X,X,
,host.get_logging,X,X,X,X,X,X,
,host.get_resident_VMs,X,X,X,X,X,X,
,host.get_supported_bootloaders,X,X,X,X,X,X,
,host.get_sched_policy,X,X,X,X,X,X,
,host.get_cpu_configuration,X,X,X,X,X,X,
,host.get_capabilities,X,X,X,X,X,X,
,host.get_other_config,X,X,X,X,X,X,
,host.get_software_version,X,X,X,X,X,X,
,host.get_enabled,X,X,X,X,X,X,
,host.get_API_version_vendor_implementation,X,X,X,X,X,X,
,host.get_API_version_vendor,X,X,X,X,X,X,
,host.get_API_version_minor,X,X,X,X,X,X,
,host.get_API_version_major,X,X,X,X,X,X,
,host.get_current_operations,X,X,X,X,X,X,
,host.get_allowed_operations,X,X,X,X,X,X,
,host.get_memory_overhead,X,X,X,X,X,X,
,host.get_name_description,X,X,X,X,X,X,
,host.get_name_label,X,X,X,X,X,X,
,host.get_uuid,X,X,X,X,X,X,
,host.get_by_name_label,X,X,X,X,X,X,
,host.get_by_uuid,X,X,X,X,X,X,
,host.get_record,X,X,X,X,X,X,
,DR_task.get_all_records,X,X,X,X,X,X,
,DR_task.get_all_records_where,X,X,X,X,X,X,
,DR_task.get_all,X,X,X,X,X,X,
,DR_task.destroy,X,X,,,,,
,DR_task.create,X,X,,,,,
,DR_task.get_introduced_SRs,X,X,X,X,X,X,
,DR_task.get_uuid,X,X,X,X,X,X,
,DR_task.get_by_uuid,X,X,X,X,X,X,
,DR_task.get_record,X,X,X,X,X,X,
,VM_appliance.get_all_records,X,X,X,X,X,X,
,VM_appliance.get_all_records_where,X,X,X,X,X,X,
,VM_appliance.get_all,X,X,X,X,X,X,
,VM_appliance.recover,X,X,X,X,X,X,
,VM_appliance.get_SRs_required_for_recovery,X,X,X,X,X,X,
,VM_appliance.assert_can_be_recovered,X,X,X,X,X,X,
,VM_appliance.shutdown,X,X,,,,,
,VM_appliance.hard_shutdown,X,X,,,,,
,VM_appliance.clean_shutdown,X,X,,,,,
,VM_appliance.start,X,X,,,,,
,VM_appliance.set_name_description,X,X,,,,,
,VM_appliance.set_name_label,X,X,,,,,
,VM_appliance.get_VMs,X,X,X,X,X,X,
,VM_appliance.get_current_operations,X,X,X,X,X,X,
,VM_appliance.get_allowed_operations,X,X,X,X,X,X,
,VM_appliance.get_name_description,X,X,X,X,X,X,
,VM_appliance.get_name_label,X,X,X,X,X,X,
,VM_appliance.get_uuid,X,X,X,X,X,X,
,VM_appliance.get_by_name_label,X,X,X,X,X,X,
,VM_appliance.destroy,X,X,,,,,
,VM_appliance.create,X,X,,,,,
,VM_appliance.get_by_uuid,X,X,X,X,X,X,
,VM_appliance.get_record,X,X,X,X,X,X,
,VMSS.get_all_records,X,X,X,X,X,X,
,VMSS.get_all_records_where,X,X,X,X,X,X,
,VMSS.get_all,X,X,X,X,X,X,
,VMSS.set_type,X,X,,,,,
,VMSS.set_last_run_time,,,,,,,
,VMSS.remove_from_schedule,X,X,,,,,
,VMSS.add_to_schedule,X,X,,,,,
,VMSS.set_schedule,X,X,,,,,
,VMSS.set_frequency,X,X,,,,,
,VMSS.set_retained_snapshots,X,X,,,,,
,VMSS.snapshot_now,X,X,,,,,
,VMSS.set_enabled,X,X,,,,,
,VMSS.set_name_description,X,X,,,,,
,VMSS.set_name_label,X,X,,,,,
,VMSS.get_VMs,X,X,X,X,X,X,
,VMSS.get_last_run_time,X,X,X,X,X,X,
,VMSS.get_schedule,X,X,X,X,X,X,
,VMSS.get_frequency,X,X,X,X,X,X,
,VMSS.get_retained_snapshots,X,X,X,X,X,X,
,VMSS.get_type,X,X,X,X,X,X,
,VMSS.get_enabled,X,X,X,X,X,X,
,VMSS.get_name_description,X,X,X,X,X,X,
,VMSS.get_name_label,X,X,X,X,X,X,
,VMSS.get_uuid,X,X,X,X,X,X,
,VMSS.get_by_name_label,X,X,X,X,X,X,
,VMSS.destroy,X,X,,,,,
,VMSS.create,X,X,,,,,
,VMSS.get_by_uuid,X,X,X,X,X,X,
,VMSS.get_record,X,X,X,X,X,X,
,VMPP.get_all_records,X,X,X,X,X,X,
,VMPP.get_all_records_where,X,X,X,X,X,X,
,VMPP.get_all,X,X,X,X,X,X,
,VMPP.set_archive_last_run_time,,,,,,,
,VMPP.set_backup_last_run_time,,,,,,,
,VMPP.remove_from_alarm_config,X,X,,,,,
,VMPP.remove_from_archive_schedule,X,X,,,,,
,VMPP.remove_from_archive_target_config,X,X,,,,,
,VMPP.remove_from_backup_schedule,X,X,,,,,
,VMPP.add_to_alarm_config,X,X,,,,,
,VMPP.add_to_archive_schedule,X,X,,,,,
,VMPP.add_to_archive_target_config,X,X,,,,,
,VMPP.add_to_backup_schedule,X,X,,,,,
,VMPP.set_alarm_config,X,X,,,,,
,VMPP.set_is_alarm_enabled,X,X,,,,,
,VMPP.set_archive_target_config,X,X,,,,,
,VMPP.set_archive_target_type,X,X,,,,,
,VMPP.set_archive_schedule,X,X,,,,,
,VMPP.set_archive_frequency,X,X,,,,,
,VMPP.set_backup_schedule,X,X,,,,,
,VMPP.set_backup_frequency,X,X,,,,,
,VMPP.set_is_archive_running,,,,,,,
,VMPP.set_is_backup_running,,,,,,,
,VMPP.set_backup_retention_value,X,X,,,,,
,VMPP.get_alerts,X,X,,,,,
,VMPP.create_alert,,,,,,,
,VMPP.archive_now,X,X,X,,,,
,VMPP.protect_now,X,X,,,,,
,VMPP.set_backup_type,X,X,,,,,
,VMPP.set_is_policy_enabled,X,X,,,,,
,VMPP.set_name_description,X,X,,,,,
,VMPP.set_name_label,X,X,,,,,
,VMPP.get_recent_alerts,X,X,X,X,X,X,
,VMPP.get_alarm_config,X,X,X,X,X,X,
,VMPP.get_is_alarm_enabled,X,X,X,X,X,X,
,VMPP.get_VMs,X,X,X,X,X,X,
,VMPP.get_archive_last_run_time,X,X,X,X,X,X,
,VMPP.get_is_archive_running,X,X,X,X,X,X,
,VMPP.get_archive_schedule,X,X,X,X,X,X,
,VMPP.get_archive_frequency,X,X,X,X,X,X,
,VMPP.get_archive_target_config,X,X,X,X,X,X,
,VMPP.get_archive_target_type,X,X,X,X,X,X,
,VMPP.get_backup_last_run_time,X,X,X,X,X,X,
,VMPP.get_is_backup_running,X,X,X,X,X,X,
,VMPP.get_backup_schedule,X,X,X,X,X,X,
,VMPP.get_backup_frequency,X,X,X,X,X,X,
,VMPP.get_backup_retention_value,X,X,X,X,X,X,
,VMPP.get_backup_type,X,X,X,X,X,X,
,VMPP.get_is_policy_enabled,X,X,X,X,X,X,
,VMPP.get_name_description,X,X,X,X,X,X,
,VMPP.get_name_label,X,X,X,X,X,X,
,VMPP.get_uuid,X,X,X,X,X,X,
,VMPP.get_by_name_label,X,X,X,X,X,X,
,VMPP.destroy,X,X,,,,,
,VMPP.create,X,X,,,,,
,VMPP.get_by_uuid,X,X,X,X,X,X,
,VMPP.get_record,X,X,X,X,X,X,
,VM_guest_metrics.get_all_records,X,X,X,X,X,X,
,VM_guest_metrics.get_all_records_where,X,X,X,X,X,X,
,VM_guest_metrics.get_all,X,X,X,X,X,X,
,VM_guest_metrics.remove_from_other_config,X,X,X,X,,,
,VM_guest_metrics.add_to_other_config,X,X,X,X,,,
,VM_guest_metrics.set_other_config,X,X,X,X,,,
,VM_guest_metrics.get_PV_drivers_detected,X,X,X,X,X,X,
,VM_guest_metrics.get_can_use_hotplug_vif,X,X,X,X,X,X,
,VM_guest_metrics.get_can_use_hotplug_vbd,X,X,X,X,X,X,
,VM_guest_metrics.get_live,X,X,X,X,X,X,
,VM_guest_metrics.get_other_config,X,X,X,X,X,X,
,VM_guest_metrics.get_last_updated,X,X,X,X,X,X,
,VM_guest_metrics.get_other,X,X,X,X,X,X,
,VM_guest_metrics.get_networks,X,X,X,X,X,X,
,VM_guest_metrics.get_disks,X,X,X,X,X,X,
,VM_guest_metrics.get_memory,X,X,X,X,X,X,
,VM_guest_metrics.get_PV_drivers_up_to_date,X,X,X,X,X,X,
,VM_guest_metrics.get_PV_drivers_version,X,X,X,X,X,X,
,VM_guest_metrics.get_os_version,X,X,X,X,X,X,
,VM_guest_metrics.get_uuid,X,X,X,X,X,X,
,VM_guest_metrics.get_by_uuid,X,X,X,X,X,X,
,VM_guest_metrics.get_record,X,X,X,X,X,X,
,VM_metrics.get_all_records,X,X,X,X,X,X,
,VM_metrics.get_all_records_where,X,X,X,X,X,X,
,VM_metrics.get_all,X,X,X,X,X,X,
,VM_metrics.remove_from_other_config,X,X,X,X,,,
,VM_metrics.add_to_other_config,X,X,X,X,,,
,VM_metrics.set_other_config,X,X,X,X,,,
,VM_metrics.get_current_domain_type,X,X,X,X,X,X,
,VM_metrics.get_nomigrate,X,X,X,X,X,X,
,VM_metrics.get_nested_virt,X,X,X,X,X,X,
,VM_metrics.get_hvm,X,X,X,X,X,X,
,VM_metrics.get_other_config,X,X,X,X,X,X,
,VM_metrics.get_last_updated,X,X,X,X,X,X,
,VM_metrics.get_install_time,X,X,X,X,X,X,
,VM_metrics.get_start_time,X,X,X,X,X,X,
,VM_metrics.get_state,X,X,X,X,X,X,
,VM_metrics.get_VCPUs_flags,X,X,X,X,X,X,
,VM_metrics.get_VCPUs_params,X,X,X,X,X,X,
,VM_metrics.get_VCPUs_CPU,X,X,X,X,X,X,
,VM_metrics.get_VCPUs_utilisation,X,X,X,X,X,X,
,VM_metrics.get_VCPUs_number,X,X,X,X,X,X,
,VM_metrics.get_memory_actual,X,X,X,X,X,X,
,VM_metrics.get_uuid,X,X,X,X,X,X,
,VM_metrics.get_by_uuid,X,X,X,X,X,X,
,VM_metrics.get_record,X,X,X,X,X,X,
,VM.get_all_records,X,X,X,X,X,X,
,VM.get_all_records_where,X,X,X,X,X,X,
,VM.get_all,X,X,X,X,X,X,
,VM.set_NVRAM_EFI_variables,,,,,,,
,VM.set_HVM_boot_policy,X,X,X,X,,,
,VM.set_domain_type,X,X,X,X,,,
,VM.set_actions_after_crash,X,X,X,X,,,
,VM.import,X,X,,,,,
,VM.set_has_vendor_device,X,X,X,X,,,
,VM.call_plugin,X,X,X,X,X,,
,VM.query_services,X,,,,,,
,VM.set_appliance,X,X,,,,,
,VM.import_convert,X,X,X,X,,,
,VM.recover,X,X,X,X,X,X,
,VM.get_SRs_required_for_recovery,X,X,X,X,X,X,
,VM.assert_can_be_recovered,X,X,X,X,X,X,
,VM.set_suspend_VDI,X,X,,,,,
,VM.set_order,X,X,,,,,
,VM.set_shutdown_delay,X,X,,,,,
,VM.set_start_delay,X,X,,,,,
,VM.set_snapshot_schedule,X,X,,,,,
,VM.set_protection_policy,X,X,,,,,
,VM.copy_bios_strings,X,X,X,X,,,
,VM.set_bios_strings,X,X,X,X,,,
,VM.retrieve_wlb_recommendations,X,X,X,X,X,X,
,VM.update_snapshot_metadata,X,X,,,,,
,VM.assert_agile,X,X,X,X,X,X,
,VM.s3_resume,X,X,X,X,X,,
,VM.s3_suspend,X,X,X,X,X,,
,VM.create_new_blob,X,X,X,,,,
,VM.atomic_set_resident_on,,,,,,,
,VM.assert_can_boot_here,X,X,X,X,X,X,
,VM.get_possible_hosts,X,X,X,X,X,X,
,VM.get_allowed_VIF_devices,X,X,X,X,X,X,
,VM.get_allowed_VBD_devices,X,X,X,X,X,X,
,VM.update_allowed_operations,X,,,,,,
,VM.assert_operation_valid,X,X,X,X,X,X,
,VM.forget_data_source_archives,X,X,X,X,,,
,VM.query_data_source,X,X,X,X,X,X,
,VM.record_data_source,X,X,X,X,,,
,VM.get_data_sources,X,X,X,X,X,X,
,VM.get_boot_record,X,X,X,X,X,X,
,VM.assert_can_migrate_sender,X,X,X,,,,
,VM.assert_can_migrate,X,X,X,,,,
,VM.migrate_send,X,X,X,,,,
,VM.maximise_memory,X,X,X,X,X,X,
,VM.send_trigger,X,,,,,,
,VM.send_sysrq,X,,,,,,
,VM.set_VCPUs_at_startup,X,X,X,X,,,
,VM.set_VCPUs_max,X,X,X,X,,,
,VM.set_shadow_multiplier_live,X,X,X,,,,
,VM.set_HVM_shadow_multiplier,X,X,X,,,,
,VM.get_cooperative,X,X,X,X,X,X,
,VM.wait_memory_target_live,X,X,X,X,X,X,
,VM.set_memory_target_live,X,X,X,,,,
,VM.set_memory,X,X,X,,,,
,VM.set_memory_limits,X,X,X,,,,
,VM.set_memory_static_range,X,X,X,,,,
,VM.set_memory_static_min,X,X,X,,,,
,VM.set_memory_static_max,X,X,X,,,,
,VM.set_memory_dynamic_range,X,X,X,,,,
,VM.set_memory_dynamic_min,X,X,X,,,,
,VM.set_memory_dynamic_max,X,X,X,,,,
,VM.compute_memory_overhead,X,X,X,X,X,X,
,VM.set_ha_always_run,X,X,,,,,
,VM.set_ha_restart_priority,X,X,,,,,
,VM.remove_from_NVRAM,X,X,X,X,,,
,VM.add_to_NVRAM,X,X,X,X,,,
,VM.set_NVRAM,X,X,X,X,,,
,VM.add_to_VCPUs_params_live,X,X,X,X,,,
,VM.set_VCPUs_number_live,X,X,X,X,,,
,VM.pool_migrate_complete,X,X,X,,,,
,VM.pool_migrate,X,X,X,,,,
,VM.resume_on,X,X,X,,,,
,VM.hard_reboot_internal,,,,,,,
,VM.set_is_default_template,X,,,,,,
,VM.resume,X,X,X,X,X,,
,VM.csvm,X,X,X,X,,,
,VM.suspend,X,X,X,X,X,,
,VM.hard_reboot,X,X,X,X,X,,
,VM.power_state_reset,X,X,,,,,
,VM.hard_shutdown,X,X,X,X,X,,
,VM.clean_reboot,X,X,X,X,X,,
,VM.shutdown,X,X,X,X,X,,
,VM.clean_shutdown,X,X,X,X,X,,
,VM.unpause,X,X,X,X,X,,
,VM.pause,X,X,X,X,X,,
,VM.start_on,X,X,X,,,,
,VM.start,X,X,X,X,X,,
,VM.provision,X,X,X,X,,,
,VM.checkpoint,X,X,X,,,,
,VM.revert,X,X,X,,,,
,VM.copy,X,X,X,X,,,
,VM.clone,X,X,X,X,,,
,VM.snapshot_with_quiesce,X,X,X,,,,
,VM.snapshot,X,X,X,,,,
,VM.set_hardware_platform_version,X,X,X,X,,,
,VM.set_suspend_SR,X,X,X,X,,,
,VM.remove_from_blocked_operations,X,X,X,X,,,
,VM.add_to_blocked_operations,X,X,X,X,,,
,VM.set_blocked_operations,X,X,X,X,,,
,VM.remove_tags,X,X,X,X,X,,
,VM.add_tags,X,X,X,X,X,,
,VM.set_tags,X,X,X,X,X,,
,VM.remove_from_xenstore_data,X,X,X,X,,,
,VM.add_to_xenstore_data,X,X,X,X,,,
,VM.set_xenstore_data,X,X,X,X,,,
,VM.set_recommendations,X,X,X,X,,,
,VM.remove_from_other_config/key:XenCenter.CustomFields.*,X,X,X,X,X,,
,VM.remove_from_other_config/key:folder,X,X,X,X,X,,
,VM.remove_from_other_config/key:pci,X,,,,,,
,VM.remove_from_other_config,X,X,X,X,,,
,VM.add_to_other_config/key:XenCenter.CustomFields.*,X,X,X,X,X,,
,VM.add_to_other_config/key:folder,X,X,X,X,X,,
,VM.add_to_other_config/key:pci,X,,,,,,
,VM.add_to_other_config,X,X,X,X,,,
,VM.set_other_config,X,X,X,X,,,
,VM.set_PCI_bus,X,X,X,X,,,
,VM.remove_from_platform,X,X,X,X,,,
,VM.add_to_platform,X,X,X,X,,,
,VM.set_platform,X,X,X,X,,,
,VM.remove_from_HVM_boot_params,X,X,X,X,,,
,VM.add_to_HVM_boot_params,X,X,X,X,,,
,VM.set_HVM_boot_params,X,X,X,X,,,
,VM.set_PV_legacy_args,X,X,X,X,,,
,VM.set_PV_bootloader_args,X,X,X,X,,,
,VM.set_PV_args,X,X,X,X,,,
,VM.set_PV_ramdisk,X,X,X,X,,,
,VM.set_PV_kernel,X,X,X,X,,,
,VM.set_PV_bootloader,X,X,X,X,,,
,VM.set_actions_after_reboot,X,X,X,X,,,
,VM.set_actions_after_shutdown,X,X,X,X,,,
,VM.remove_from_VCPUs_params,X,X,X,X,,,
,VM.add_to_VCPUs_params,X,X,X,X,,,
,VM.set_VCPUs_params,X,X,X,X,,,
,VM.set_affinity,X,X,X,,,,
,VM.set_is_a_template,X,X,X,X,,,
,VM.set_user_version,X,X,X,X,,,
,VM.set_name_description,X,X,X,X,,,
,VM.set_name_label,X,X,X,X,,,
,VM.get_NVRAM,X,X,X,X,X,X,
,VM.get_domain_type,X,X,X,X,X,X,
,VM.get_reference_label,X,X,X,X,X,X,
,VM.get_requires_reboot,X,X,X,X,X,X,
,VM.get_has_vendor_device,X,X,X,X,X,X,
,VM.get_hardware_platform_version,X,X,X,X,X,X,
,VM.get_generation_id,X,X,X,X,X,X,
,VM.get_version,X,X,X,X,X,X,
,VM.get_suspend_SR,X,X,X,X,X,X,
,VM.get_attached_PCIs,X,X,X,X,X,X,
,VM.get_VGPUs,X,X,X,X,X,X,
,VM.get_order,X,X,X,X,X,X,
,VM.get_shutdown_delay,X,X,X,X,X,X,
,VM.get_start_delay,X,X,X,X,X,X,
,VM.get_appliance,X,X,X,X,X,X,
,VM.get_is_vmss_snapshot,X,X,X,X,X,X,
,VM.get_snapshot_schedule,X,X,X,X,X,X,
,VM.get_is_snapshot_from_vmpp,X,X,X,X,X,X,
,VM.get_protection_policy,X,X,X,X,X,X,
,VM.get_bios_strings,X,X,X,X,X,X,
,VM.get_children,X,X,X,X,X,X,
,VM.get_parent,X,X,X,X,X,X,
,VM.get_snapshot_metadata,X,X,X,X,X,X,
,VM.get_snapshot_info,X,X,X,X,X,X,
,VM.get_blocked_operations,X,X,X,X,X,X,
,VM.get_tags,X,X,X,X,X,X,
,VM.get_blobs,X,X,X,X,X,X,
,VM.get_transportable_snapshot_id,X,X,X,X,X,X,
,VM.get_snapshot_time,X,X,X,X,X,X,
,VM.get_snapshots,X,X,X,X,X,X,
,VM.get_snapshot_of,X,X,X,X,X,X,
,VM.get_is_a_snapshot,X,X,X,X,X,X,
,VM.get_ha_restart_priority,X,X,X,X,X,X,
,VM.get_ha_always_run,X,X,X,X,X,X,
,VM.get_xenstore_data,X,X,X,X,X,X,
,VM.get_recommendations,X,X,X,X,X,X,
,VM.get_last_booted_record,X,X,X,X,X,X,
,VM.get_guest_metrics,X,X,X,X,X,X,
,VM.get_metrics,X,X,X,X,X,X,
,VM.get_is_control_domain,X,X,X,X,X,X,
,VM.get_last_boot_CPU_flags,X,X,X,X,X,X,
,VM.get_domarch,X,X,X,X,X,X,
,VM.get_domid,X,X,X,X,X,X,
,VM.get_other_config,X,X,X,X,X,X,
,VM.get_PCI_bus,X,X,X,X,X,X,
,VM.get_platform,X,X,X,X,X,X,
,VM.get_HVM_shadow_multiplier,X,X,X,X,X,X,
,VM.get_HVM_boot_params,X,X,X,X,X,X,
,VM.get_HVM_boot_policy,X,X,X,X,X,X,
,VM.get_PV_legacy_args,X,X,X,X,X,X,
,VM.get_PV_bootloader_args,X,X,X,X,X,X,
,VM.get_PV_args,X,X,X,X,X,X,
,VM.get_PV_ramdisk,X,X,X,X,X,X,
,VM.get_PV_kernel,X,X,X,X,X,X,
,VM.get_PV_bootloader,X,X,X,X,X,X,
,VM.get_VTPMs,X,X,X,X,X,X,
,VM.get_crash_dumps,X,X,X,X,X,X,
,VM.get_VUSBs,X,X,X,X,X,X,
,VM.get_VBDs,X,X,X,X,X,X,
,VM.get_VIFs,X,X,X,X,X,X,
,VM.get_consoles,X,X,X,X,X,X,
,VM.get_actions_after_crash,X,X,X,X,X,X,
,VM.get_actions_after_reboot,X,X,X,X,X,X,
,VM.get_actions_after_shutdown,X,X,X,X,X,X,
,VM.get_VCPUs_at_startup,X,X,X,X,X,X,
,VM.get_VCPUs_max,X,X,X,X,X,X,
,VM.get_VCPUs_params,X,X,X,X,X,X,
,VM.get_memory_static_min,X,X,X,X,X,X,
,VM.get_memory_dynamic_min,X,X,X,X,X,X,
,VM.get_memory_dynamic_max,X,X,X,X,X,X,
,VM.get_memory_static_max,X,X,X,X,X,X,
,VM.get_memory_target,X,X,X,X,X,X,
,VM.get_memory_overhead,X,X,X,X,X,X,
,VM.get_affinity,X,X,X,X,X,X,
,VM.get_scheduled_to_be_resident_on,X,X,X,X,X,X,
,VM.get_resident_on,X,X,X,X,X,X,
,VM.get_suspend_VDI,X,X,X,X,X,X,
,VM.get_is_default_template,X,X,X,X,X,X,
,VM.get_is_a_template,X,X,X,X,X,X,
,VM.get_user_version,X,X,X,X,X,X,
,VM.get_power_state,X,X,X,X,X,X,
,VM.get_name_description,X,X,X,X,X,X,
,VM.get_name_label,X,X,X,X,X,X,
,VM.get_current_operations,X,X,X,X,X,X,
,VM.get_allowed_operations,X,X,X,X,X,X,
,VM.get_uuid,X,X,X,X,X,X,
,VM.get_by_name_label,X,X,X,X,X,X,
,VM.destroy,X,X,X,X,,,
,VM.create,X,X,X,X,,,
,VM.get_by_uuid,X,X,X,X,X,X,
,VM.get_record,X,X,X,X,X,X,
,pool_update.get_all_records,X,X,X,X,X,X,
,pool_update.get_all_records_where,X,X,X,X,X,X,
,pool_update.get_all,X,X,X,X,X,X,
,pool_update.resync_host,X,X,,,,,
,pool_update.detach,X,X,,,,,
,pool_update.attach,X,X,,,,,
,pool_update.destroy,X,X,,,,,
,pool_update.pool_clean,X,X,,,,,
,pool_update.pool_apply,X,X,,,,,
,pool_update.apply,X,X,,,,,
,pool_update.precheck,X,X,,,,,
,pool_update.introduce,X,X,,,,,
,pool_update.remove_from_other_config,X,X,,,,,
,pool_update.add_to_other_config,X,X,,,,,
,pool_update.set_other_config,X,X,,,,,
,pool_update.get_enforce_homogeneity,X,X,X,X,X,X,
,pool_update.get_other_config,X,X,X,X,X,X,
,pool_update.get_hosts,X,X,X,X,X,X,
,pool_update.get_vdi,X,X,X,X,X,X,
,pool_update.get_after_apply_guidance,X,X,X,X,X,X,
,pool_update.get_key,X,X,X,X,X,X,
,pool_update.get_installation_size,X,X,X,X,X,X,
,pool_update.get_version,X,X,X,X,X,X,
,pool_update.get_name_description,X,X,X,X,X,X,
,pool_update.get_name_label,X,X,X,X,X,X,
,pool_update.get_uuid,X,X,X,X,X,X,
,pool_update.get_by_name_label,X,X,X,X,X,X,
,pool_update.get_by_uuid,X,X,X,X,X,X,
,pool_update.get_record,X,X,X,X,X,X,
,pool_patch.get_all_records,X,X,X,X,X,X,
,pool_patch.get_all_records_where,X,X,X,X,X,X,
,pool_patch.get_all,X,X,X,X,X,X,
,pool_patch.clean_on_host,X,X,,,,,
,pool_patch.destroy,X,X,,,,,
,pool_patch.pool_clean,X,X,,,,,
,pool_patch.clean,X,X,,,,,
,pool_patch.precheck,X,X,,,,,
,pool_patch.pool_apply,X,X,,,,,
,pool_patch.apply,X,X,,,,,
,pool_patch.remove_from_other_config,X,X,,,,,
,pool_patch.add_to_other_config,X,X,,,,,
,pool_patch.set_other_config,X,X,,,,,
,pool_patch.get_other_config,X,X,X,X,X,X,
,pool_patch.get_pool_update,X,X,X,X,X,X,
,pool_patch.get_after_apply_guidance,X,X,X,X,X,X,
,pool_patch.get_host_patches,X,X,X,X,X,X,
,pool_patch.get_pool_applied,X,X,X,X,X,X,
,pool_patch.get_size,X,X,X,X,X,X,
,pool_patch.get_version,X,X,X,X,X,X,
,pool_patch.get_name_description,X,X,X,X,X,X,
,pool_patch.get_name_label,X,X,X,X,X,X,
,pool_patch.get_uuid,X,X,X,X,X,X,
,pool_patch.get_by_name_label,X,X,X,X,X,X,
,pool_patch.get_by_uuid,X,X,X,X,X,X,
,pool_patch.get_record,X,X,X,X,X,X,
,pool.get_all_records,X,X,X,X,X,X,
,pool.get_all_records_where,X,X,X,X,X,X,
,pool.get_all,X,X,X,X,X,X,
,pool.set_https_only,X,X,,,,,
,pool.rotate_secret,X,,,,,,
,pool.remove_from_guest_agent_config,X,,,,,,
,pool.add_to_guest_agent_config,X,,,,,,
,pool.has_extension,X,,,,,,
,pool.set_igmp_snooping_enabled,X,X,,,,,
,pool.disable_ssl_legacy,X,X,,,,,
,pool.enable_ssl_legacy,X,X,,,,,
,pool.apply_edition,X,X,,,,,
,pool.get_license_state,X,X,X,X,X,X,
,pool.disable_local_storage_caching,X,X,,,,,
,pool.enable_local_storage_caching,X,X,,,,,
,pool.test_archive_target,X,X,,,,,
,pool.set_vswitch_controller,X,X,,,,,
,pool.audit_log_append,X,,,,,,
,pool.disable_redo_log,X,X,,,,,
,pool.enable_redo_log,X,X,,,,,
,pool.certificate_sync,X,X,,,,,
,pool.crl_list,X,X,,,,,
,pool.crl_uninstall,X,X,,,,,
,pool.crl_install,X,X,,,,,
,pool.certificate_list,X,X,,,,,
,pool.certificate_uninstall,X,X,,,,,
,pool.certificate_install,X,X,,,,,
,pool.send_test_post,X,,,,,,
,pool.retrieve_wlb_recommendations,X,X,X,X,X,X,
,pool.retrieve_wlb_configuration,X,X,X,X,X,X,
,pool.send_wlb_configuration,X,X,,,,,
,pool.deconfigure_wlb,X,X,,,,,
,pool.initialize_wlb,X,X,,,,,
,pool.detect_nonhomogeneous_external_auth,X,X,,,,,
,pool.disable_external_auth,X,,,,,,
,pool.enable_external_auth,X,,,,,,
,pool.disable_binary_storage,X,X,,,,,
,pool.enable_binary_storage,X,X,,,,,
,pool.ha_schedule_plan_recomputation,,,,,,,
,pool.create_new_blob,X,X,,,,,
,pool.set_ha_host_failures_to_tolerate,X,X,,,,,
,pool.ha_compute_vm_failover_plan,X,X,,,,,
,pool.ha_compute_hypothetical_max_host_failures_to_tolerate,X,X,X,X,X,X,
,pool.ha_compute_max_host_failures_to_tolerate,X,X,,,,,
,pool.ha_failover_plan_exists,X,X,,,,,
,pool.ha_prevent_restarts_for,X,X,,,,,
,pool.designate_new_master,X,X,,,,,
,pool.sync_database,X,X,,,,,
,pool.disable_ha,X,X,,,,,
,pool.enable_ha,X,X,,,,,
,pool.slave_network_report,X,,,,,,
,pool.create_VLAN_from_PIF,X,X,,,,,
,pool.management_reconfigure,X,X,,,,,
,pool.create_VLAN,X,X,,,,,
,pool.is_slave,X,,,,,,
,pool.hello,X,X,,,,,
,pool.recover_slaves,X,X,,,,,
,pool.emergency_reset_master,X,X,,,,,
,pool.emergency_transition_to_master,X,X,,,,,
,pool.initial_auth,X,X,,,,,
,pool.eject,X,X,,,,,
,pool.join_force,X,X,,,,,
,pool.join,X,X,,,,,
,pool.set_is_psr_pending,X,X,,,,,
,pool.set_uefi_certificates,X,X,,,,,
,pool.set_live_patching_disabled,X,X,,,,,
,pool.set_policy_no_vendor_device,X,X,,,,,
,pool.set_wlb_verify_cert,X,X,,,,,
,pool.set_wlb_enabled,X,X,,,,,
,pool.remove_from_health_check_config,X,X,,,,,
,pool.add_to_health_check_config,X,X,,,,,
,pool.set_health_check_config,X,X,,,,,
,pool.remove_from_gui_config,X,X,X,X,X,,
,pool.add_to_gui_config,X,X,X,X,X,,
,pool.set_gui_config,X,X,X,X,X,,
,pool.remove_tags,X,X,X,X,X,,
,pool.add_tags,X,X,X,X,X,,
,pool.set_tags,X,X,X,X,X,,
,pool.set_ha_allow_overcommit,X,X,,,,,
,pool.remove_from_other_config/key:EMPTY_FOLDERS,X,X,X,X,X,,
,pool.remove_from_other_config/key:XenCenter.CustomFields.*,X,X,X,X,X,,
,pool.remove_from_other_config/key:folder,X,X,X,X,X,,
,pool.remove_from_other_config,X,X,,,,,
,pool.add_to_other_config/key:EMPTY_FOLDERS,X,X,X,X,X,,
,pool.add_to_other_config/key:XenCenter.CustomFields.*,X,X,X,X,X,,
,pool.add_to_other_config/key:folder,X,X,X,X,X,,
,pool.add_to_other_config,X,X,,,,,
,pool.set_other_config,X,X,,,,,
,pool.set_crash_dump_SR,X,X,,,,,
,pool.set_suspend_image_SR,X,X,,,,,
,pool.set_default_SR,X,X,,,,,
,pool.set_name_description,X,X,,,,,
,pool.set_name_label,X,X,,,,,
,pool.get_is_psr_pending,X,X,X,X,X,X,
,pool.get_uefi_certificates,X,X,X,X,X,X,
,pool.get_igmp_snooping_enabled,X,X,X,X,X,X,
,pool.get_live_patching_disabled,X,X,X,X,X,X,
,pool.get_policy_no_vendor_device,X,X,X,X,X,X,
,pool.get_cpu_info,X,X,X,X,X,X,
,pool.get_guest_agent_config,X,X,X,X,X,X,
,pool.get_current_operations,X,X,X,X,X,X,
,pool.get_allowed_operations,X,X,X,X,X,X,
,pool.get_ha_cluster_stack,X,X,X,X,X,X,
,pool.get_metadata_VDIs,X,X,X,X,X,X,
,pool.get_restrictions,X,X,X,X,X,X,
,pool.get_vswitch_controller,X,X,X,X,X,X,
,pool.get_redo_log_vdi,X,X,X,X,X,X,
,pool.get_redo_log_enabled,X,X,X,X,X,X,
,pool.get_wlb_verify_cert,X,X,X,X,X,X,
,pool.get_wlb_enabled,X,X,X,X,X,X,
,pool.get_wlb_username,X,X,X,X,X,X,
,pool.get_wlb_url,X,X,X,X,X,X,
,pool.get_health_check_config,X,X,X,X,X,X,
,pool.get_gui_config,X,X,X,X,X,X,
,pool.get_tags,X,X,X,X,X,X,
,pool.get_blobs,X,X,X,X,X,X,
,pool.get_ha_overcommitted,X,X,X,X,X,X,
,pool.get_ha_allow_overcommit,X,X,X,X,X,X,
,pool.get_ha_plan_exists_for,X,X,X,X,X,X,
,pool.get_ha_host_failures_to_tolerate,X,X,X,X,X,X,
,pool.get_ha_statefiles,X,X,X,X,X,X,
,pool.get_ha_configuration,X,X,X,X,X,X,
,pool.get_ha_enabled,X,X,X,X,X,X,
,pool.get_other_config,X,X,X,X,X,X,
,pool.get_crash_dump_SR,X,X,X,X,X,X,
,pool.get_suspend_image_SR,X,X,X,X,X,X,
,pool.get_default_SR,X,X,X,X,X,X,
,pool.get_master,X,X,X,X,X,X,
,pool.get_name_description,X,X,X,X,X,X,
,pool.get_name_label,X,X,X,X,X,X,
,pool.get_uuid,X,X,X,X,X,X,
,pool.get_by_uuid,X,X,X,X,X,X,
,pool.get_record,X,X,X,X,X,X,
,event.inject,X,X,X,X,X,X,
,event.get_current_id,X,X,X,X,X,X,
,event.from,X,X,X,X,X,X,
,event.next,X,X,X,X,X,X,
,event.unregister,X,X,X,X,X,X,
,event.register,X,X,X,X,X,X,
,task.get_all_records,X,X,X,X,X,X,
,task.get_all_records_where,X,X,X,X,X,X,
,task.get_all,X,X,X,X,X,X,
,task.set_progress,X,X,X,X,X,X,
,task.set_status,X,X,X,X,X,X,
,task.cancel,X,X,X,X,X,X,
,task.destroy,X,X,X,X,X,X,
,task.create,X,X,X,X,X,X,
,task.remove_from_other_config/key:XenCenterMeddlingActionTitle,X,X,X,X,X,,
,task.remove_from_other_config/key:XenCenterUUID,X,X,X,X,X,,
,task.remove_from_other_config/key:applies_to,X,X,X,X,X,,
,task.remove_from_other_config,X,X,,,,,
,task.add_to_other_config/key:XenCenterMeddlingActionTitle,X,X,X,X,X,,
,task.add_to_other_config/key:XenCenterUUID,X,X,X,X,X,,
,task.add_to_other_config/key:applies_to,X,X,X,X,X,,
,task.add_to_other_config,X,X,,,,,
,task.set_other_config,X,X,,,,,
,task.get_backtrace,X,X,X,X,X,X,
,task.get_subtasks,X,X,X,X,X,X,
,task.get_subtask_of,X,X,X,X,X,X,
,task.get_other_config,X,X,X,X,X,X,
,task.get_error_info,X,X,X,X,X,X,
,task.get_result,X,X,X,X,X,X,
,task.get_type,X,X,X,X,X,X,
,task.get_progress,X,X,X,X,X,X,
,task.get_resident_on,X,X,X,X,X,X,
,task.get_status,X,X,X,X,X,X,
,task.get_finished,X,X,X,X,X,X,
,task.get_created,X,X,X,X,X,X,
,task.get_current_operations,X,X,X,X,X,X,
,task.get_allowed_operations,X,X,X,X,X,X,
,task.get_name_description,X,X,X,X,X,X,
,task.get_name_label,X,X,X,X,X,X,
,task.get_uuid,X,X,X,X,X,X,
,task.get_by_name_label,X,X,X,X,X,X,
,task.get_by_uuid,X,X,X,X,X,X,
,task.get_record,X,X,X,X,X,X,
,role.get_all_records,X,X,X,X,X,X,
,role.get_all_records_where,X,X,X,X,X,X,
,role.get_all,X,X,X,X,X,X,
,role.get_by_permission_name_label,X,X,X,X,X,X,
,role.get_by_permission,X,X,X,X,X,X,
,role.get_permissions_name_label,X,X,X,X,X,X,
,role.get_permissions,X,X,X,X,X,X,
,role.get_subroles,X,X,X,X,X,X,
,role.get_name_description,X,X,X,X,X,X,
,role.get_name_label,X,X,X,X,X,X,
,role.get_uuid,X,X,X,X,X,X,
,role.get_by_name_label,X,X,X,X,X,X,
,role.get_by_uuid,X,X,X,X,X,X,
,role.get_record,X,X,X,X,X,X,
,subject.get_all_records,X,X,X,X,X,X,
,subject.get_all_records_where,X,X,X,X,X,X,
,subject.get_all,X,X,X,X,X,X,
,subject.get_permissions_name_label,X,X,X,X,X,X,
,subject.remove_from_roles,X,,,,,,
,subject.add_to_roles,X,,,,,,
,subject.get_roles,X,X,X,X,X,X,
,subject.get_other_config,X,X,X,X,X,X,
,subject.get_subject_identifier,X,X,X,X,X,X,
,subject.get_uuid,X,X,X,X,X,X,
,subject.destroy,X,,,,,,
,subject.create,X,,,,,,
,subject.get_by_uuid,X,X,X,X,X,X,
,subject.get_record,X,X,X,X,X,X,
,auth.get_group_membership,X,X,X,X,X,X,
,auth.get_subject_information_from_identifier,X,X,X,X,X,X,
,auth.get_subject_identifier,X,X,X,X,X,X,
,session.logout_subject_identifier,X,X,,,,,
,session.get_all_subject_identifiers,X,X,X,X,X,X,
,session.local_logout,X,,,,,,
,session.create_from_db_file,,,,,,,
,session.slave_local_login_with_password,X,,,,,,
,session.slave_local_login,X,,,,,,
,session.slave_login,X,,,,,,
,session.change_password,,,,,,,
,session.logout,X,X,X,X,X,X,
,session.login_with_password,X,X,X,X,X,X,
,session.remove_from_other_config,X,,,,,,
,session.add_to_other_config,X,,,,,,
,session.set_other_config,X,,,,,,
,session.get_originator,X,X,X,X,X,X,
,session.get_parent,X,X,X,X,X,X,
,session.get_tasks,X,X,X,X,X,X,
,session.get_rbac_permissions,X,X,X,X,X,X,
,session.get_auth_user_name,X,X,X,X,X,X,
,session.get_auth_user_sid,X,X,X,X,X,X,
,session.get_validation_time,X,X,X,X,X,X,
,session.get_subject,X,X,X,X,X,X,
,session.get_is_local_superuser,X,X,X,X,X,X,
,session.get_other_config,X,X,X,X,X,X,
,session.get_pool,X,X,X,X,X,X,
,session.get_last_active,X,X,X,X,X,X,
,session.get_this_user,X,X,X,X,X,X,
,session.get_this_host,X,X,X,X,X,X,
,session.get_uuid,X,X,X,X,X,X,
,session.get_by_uuid,X,X,X,X,X,X,
,session.get_record,X,X,X,X,X,X,

